model_id,model_label,revision,step,tokens_seen,lang,subject,layer,best_alpha,roi,mean_pearson,std_pearson,n_voxels,model_dir,n_params,n_params_b,log10_n_params
EleutherAI/pythia-1.4b-deduped,Pythia-1.4B-deduped,step143000,143000,299892736000,en,average_en_precomputed,0,38125.37666666667,AG_TPJ,0.2182094684799772,0.0525150407135426,56,EleutherAI_pythia-1.4b-deduped,1400000000.0,1.4,9.146128035678238
EleutherAI/pythia-1.4b-deduped,Pythia-1.4B-deduped,step143000,143000,299892736000,en,average_en_precomputed,0,38125.37666666667,BA44,0.2675455864849988,0.0440697337985847,37,EleutherAI_pythia-1.4b-deduped,1400000000.0,1.4,9.146128035678238
EleutherAI/pythia-1.4b-deduped,Pythia-1.4B-deduped,step143000,143000,299892736000,en,average_en_precomputed,0,38125.37666666667,BA45,0.3151317692551771,0.0614898392693445,50,EleutherAI_pythia-1.4b-deduped,1400000000.0,1.4,9.146128035678238
EleutherAI/pythia-1.4b-deduped,Pythia-1.4B-deduped,step143000,143000,299892736000,en,average_en_precomputed,0,38125.37666666667,BA47,0.2598206491747861,0.0431232002036049,68,EleutherAI_pythia-1.4b-deduped,1400000000.0,1.4,9.146128035678238
EleutherAI/pythia-1.4b-deduped,Pythia-1.4B-deduped,step143000,143000,299892736000,en,average_en_precomputed,0,38125.37666666667,TP,0.2916094784752668,0.0422663542554154,32,EleutherAI_pythia-1.4b-deduped,1400000000.0,1.4,9.146128035678238
EleutherAI/pythia-1.4b-deduped,Pythia-1.4B-deduped,step143000,143000,299892736000,en,average_en_precomputed,0,38125.37666666667,aSTS,0.2080958293481943,0.0412491019511448,40,EleutherAI_pythia-1.4b-deduped,1400000000.0,1.4,9.146128035678238
EleutherAI/pythia-1.4b-deduped,Pythia-1.4B-deduped,step143000,143000,299892736000,en,average_en_precomputed,0,38125.37666666667,pSTS,0.234179135118327,0.0457141840358521,53,EleutherAI_pythia-1.4b-deduped,1400000000.0,1.4,9.146128035678238
EleutherAI/pythia-1.4b-deduped,Pythia-1.4B-deduped,step143000,143000,299892736000,en,average_en_precomputed,1,29834.863333333327,AG_TPJ,0.2346368276788902,0.0527774310911308,56,EleutherAI_pythia-1.4b-deduped,1400000000.0,1.4,9.146128035678238
EleutherAI/pythia-1.4b-deduped,Pythia-1.4B-deduped,step143000,143000,299892736000,en,average_en_precomputed,1,29834.863333333327,BA44,0.2783048099811784,0.0458438556682838,37,EleutherAI_pythia-1.4b-deduped,1400000000.0,1.4,9.146128035678238
EleutherAI/pythia-1.4b-deduped,Pythia-1.4B-deduped,step143000,143000,299892736000,en,average_en_precomputed,1,29834.863333333327,BA45,0.3405848485980279,0.0660163426586297,50,EleutherAI_pythia-1.4b-deduped,1400000000.0,1.4,9.146128035678238
EleutherAI/pythia-1.4b-deduped,Pythia-1.4B-deduped,step143000,143000,299892736000,en,average_en_precomputed,1,29834.863333333327,BA47,0.2753858127819247,0.043700960749533,68,EleutherAI_pythia-1.4b-deduped,1400000000.0,1.4,9.146128035678238
EleutherAI/pythia-1.4b-deduped,Pythia-1.4B-deduped,step143000,143000,299892736000,en,average_en_precomputed,1,29834.863333333327,TP,0.3043125270174618,0.045640073064604,32,EleutherAI_pythia-1.4b-deduped,1400000000.0,1.4,9.146128035678238
EleutherAI/pythia-1.4b-deduped,Pythia-1.4B-deduped,step143000,143000,299892736000,en,average_en_precomputed,1,29834.863333333327,aSTS,0.247561309033295,0.0313284622361513,40,EleutherAI_pythia-1.4b-deduped,1400000000.0,1.4,9.146128035678238
EleutherAI/pythia-1.4b-deduped,Pythia-1.4B-deduped,step143000,143000,299892736000,en,average_en_precomputed,1,29834.863333333327,pSTS,0.2582400040117014,0.0408641291578139,53,EleutherAI_pythia-1.4b-deduped,1400000000.0,1.4,9.146128035678238
EleutherAI/pythia-1.4b-deduped,Pythia-1.4B-deduped,step143000,143000,299892736000,en,average_en_precomputed,2,35361.87222222222,AG_TPJ,0.242843603679399,0.0539155386837758,56,EleutherAI_pythia-1.4b-deduped,1400000000.0,1.4,9.146128035678238
EleutherAI/pythia-1.4b-deduped,Pythia-1.4B-deduped,step143000,143000,299892736000,en,average_en_precomputed,2,35361.87222222222,BA44,0.318705376846348,0.0466976409099353,37,EleutherAI_pythia-1.4b-deduped,1400000000.0,1.4,9.146128035678238
EleutherAI/pythia-1.4b-deduped,Pythia-1.4B-deduped,step143000,143000,299892736000,en,average_en_precomputed,2,35361.87222222222,BA45,0.365958760692214,0.0654900682081216,50,EleutherAI_pythia-1.4b-deduped,1400000000.0,1.4,9.146128035678238
EleutherAI/pythia-1.4b-deduped,Pythia-1.4B-deduped,step143000,143000,299892736000,en,average_en_precomputed,2,35361.87222222222,BA47,0.2998147709406514,0.0437725302679653,68,EleutherAI_pythia-1.4b-deduped,1400000000.0,1.4,9.146128035678238
EleutherAI/pythia-1.4b-deduped,Pythia-1.4B-deduped,step143000,143000,299892736000,en,average_en_precomputed,2,35361.87222222222,TP,0.326639742369136,0.0445412121042875,32,EleutherAI_pythia-1.4b-deduped,1400000000.0,1.4,9.146128035678238
EleutherAI/pythia-1.4b-deduped,Pythia-1.4B-deduped,step143000,143000,299892736000,en,average_en_precomputed,2,35361.87222222222,aSTS,0.2784907789815413,0.0303979262567355,40,EleutherAI_pythia-1.4b-deduped,1400000000.0,1.4,9.146128035678238
EleutherAI/pythia-1.4b-deduped,Pythia-1.4B-deduped,step143000,143000,299892736000,en,average_en_precomputed,2,35361.87222222222,pSTS,0.283272367333674,0.039807037217546,53,EleutherAI_pythia-1.4b-deduped,1400000000.0,1.4,9.146128035678238
EleutherAI/pythia-1.4b-deduped,Pythia-1.4B-deduped,step143000,143000,299892736000,en,average_en_precomputed,3,35361.87222222222,AG_TPJ,0.2799152470273301,0.0578109224709009,56,EleutherAI_pythia-1.4b-deduped,1400000000.0,1.4,9.146128035678238
EleutherAI/pythia-1.4b-deduped,Pythia-1.4B-deduped,step143000,143000,299892736000,en,average_en_precomputed,3,35361.87222222222,BA44,0.3468045941606002,0.0469033530608518,37,EleutherAI_pythia-1.4b-deduped,1400000000.0,1.4,9.146128035678238
EleutherAI/pythia-1.4b-deduped,Pythia-1.4B-deduped,step143000,143000,299892736000,en,average_en_precomputed,3,35361.87222222222,BA45,0.3918202528905937,0.0642937833241228,50,EleutherAI_pythia-1.4b-deduped,1400000000.0,1.4,9.146128035678238
EleutherAI/pythia-1.4b-deduped,Pythia-1.4B-deduped,step143000,143000,299892736000,en,average_en_precomputed,3,35361.87222222222,BA47,0.3293354660181631,0.040641809768386,68,EleutherAI_pythia-1.4b-deduped,1400000000.0,1.4,9.146128035678238
EleutherAI/pythia-1.4b-deduped,Pythia-1.4B-deduped,step143000,143000,299892736000,en,average_en_precomputed,3,35361.87222222222,TP,0.3481039471906644,0.0436765105607566,32,EleutherAI_pythia-1.4b-deduped,1400000000.0,1.4,9.146128035678238
EleutherAI/pythia-1.4b-deduped,Pythia-1.4B-deduped,step143000,143000,299892736000,en,average_en_precomputed,3,35361.87222222222,aSTS,0.3102588914689074,0.0249951260309526,40,EleutherAI_pythia-1.4b-deduped,1400000000.0,1.4,9.146128035678238
EleutherAI/pythia-1.4b-deduped,Pythia-1.4B-deduped,step143000,143000,299892736000,en,average_en_precomputed,3,35361.87222222222,pSTS,0.31629197158649,0.0388060699902035,53,EleutherAI_pythia-1.4b-deduped,1400000000.0,1.4,9.146128035678238
EleutherAI/pythia-1.4b-deduped,Pythia-1.4B-deduped,step143000,143000,299892736000,en,average_en_precomputed,4,27071.358888888888,AG_TPJ,0.3231992378190508,0.0531162292588774,56,EleutherAI_pythia-1.4b-deduped,1400000000.0,1.4,9.146128035678238
EleutherAI/pythia-1.4b-deduped,Pythia-1.4B-deduped,step143000,143000,299892736000,en,average_en_precomputed,4,27071.358888888888,BA44,0.37555429195315,0.0483664512787239,37,EleutherAI_pythia-1.4b-deduped,1400000000.0,1.4,9.146128035678238
EleutherAI/pythia-1.4b-deduped,Pythia-1.4B-deduped,step143000,143000,299892736000,en,average_en_precomputed,4,27071.358888888888,BA45,0.4240927646213208,0.0662232492437029,50,EleutherAI_pythia-1.4b-deduped,1400000000.0,1.4,9.146128035678238
EleutherAI/pythia-1.4b-deduped,Pythia-1.4B-deduped,step143000,143000,299892736000,en,average_en_precomputed,4,27071.358888888888,BA47,0.3582856409917306,0.0405483892365147,68,EleutherAI_pythia-1.4b-deduped,1400000000.0,1.4,9.146128035678238
EleutherAI/pythia-1.4b-deduped,Pythia-1.4B-deduped,step143000,143000,299892736000,en,average_en_precomputed,4,27071.358888888888,TP,0.3739651905942011,0.0456353283624752,32,EleutherAI_pythia-1.4b-deduped,1400000000.0,1.4,9.146128035678238
EleutherAI/pythia-1.4b-deduped,Pythia-1.4B-deduped,step143000,143000,299892736000,en,average_en_precomputed,4,27071.358888888888,aSTS,0.3466592274157136,0.0247663922455405,40,EleutherAI_pythia-1.4b-deduped,1400000000.0,1.4,9.146128035678238
EleutherAI/pythia-1.4b-deduped,Pythia-1.4B-deduped,step143000,143000,299892736000,en,average_en_precomputed,4,27071.358888888888,pSTS,0.3490065736150264,0.0355378376912017,53,EleutherAI_pythia-1.4b-deduped,1400000000.0,1.4,9.146128035678238
EleutherAI/pythia-1.4b-deduped,Pythia-1.4B-deduped,step143000,143000,299892736000,en,average_en_precomputed,5,24307.85444444444,AG_TPJ,0.3383923693984119,0.0550333855261701,56,EleutherAI_pythia-1.4b-deduped,1400000000.0,1.4,9.146128035678238
EleutherAI/pythia-1.4b-deduped,Pythia-1.4B-deduped,step143000,143000,299892736000,en,average_en_precomputed,5,24307.85444444444,BA44,0.3864958951518898,0.045789816877513,37,EleutherAI_pythia-1.4b-deduped,1400000000.0,1.4,9.146128035678238
EleutherAI/pythia-1.4b-deduped,Pythia-1.4B-deduped,step143000,143000,299892736000,en,average_en_precomputed,5,24307.85444444444,BA45,0.4326110533918637,0.0637987822397321,50,EleutherAI_pythia-1.4b-deduped,1400000000.0,1.4,9.146128035678238
EleutherAI/pythia-1.4b-deduped,Pythia-1.4B-deduped,step143000,143000,299892736000,en,average_en_precomputed,5,24307.85444444444,BA47,0.370034540719026,0.0383696898727154,68,EleutherAI_pythia-1.4b-deduped,1400000000.0,1.4,9.146128035678238
EleutherAI/pythia-1.4b-deduped,Pythia-1.4B-deduped,step143000,143000,299892736000,en,average_en_precomputed,5,24307.85444444444,TP,0.3815070995911654,0.0459449813398535,32,EleutherAI_pythia-1.4b-deduped,1400000000.0,1.4,9.146128035678238
EleutherAI/pythia-1.4b-deduped,Pythia-1.4B-deduped,step143000,143000,299892736000,en,average_en_precomputed,5,24307.85444444444,aSTS,0.3524934095448894,0.0205024442286049,40,EleutherAI_pythia-1.4b-deduped,1400000000.0,1.4,9.146128035678238
EleutherAI/pythia-1.4b-deduped,Pythia-1.4B-deduped,step143000,143000,299892736000,en,average_en_precomputed,5,24307.85444444444,pSTS,0.3601701564188377,0.0372419711348148,53,EleutherAI_pythia-1.4b-deduped,1400000000.0,1.4,9.146128035678238
EleutherAI/pythia-1.4b-deduped,Pythia-1.4B-deduped,step143000,143000,299892736000,en,average_en_precomputed,6,21544.35,AG_TPJ,0.3627146487540383,0.0573974268741438,56,EleutherAI_pythia-1.4b-deduped,1400000000.0,1.4,9.146128035678238
EleutherAI/pythia-1.4b-deduped,Pythia-1.4B-deduped,step143000,143000,299892736000,en,average_en_precomputed,6,21544.35,BA44,0.404831891098939,0.0471826161441271,37,EleutherAI_pythia-1.4b-deduped,1400000000.0,1.4,9.146128035678238
EleutherAI/pythia-1.4b-deduped,Pythia-1.4B-deduped,step143000,143000,299892736000,en,average_en_precomputed,6,21544.35,BA45,0.4511576981297619,0.0637074106813911,50,EleutherAI_pythia-1.4b-deduped,1400000000.0,1.4,9.146128035678238
EleutherAI/pythia-1.4b-deduped,Pythia-1.4B-deduped,step143000,143000,299892736000,en,average_en_precomputed,6,21544.35,BA47,0.388303415154719,0.0381359012711716,68,EleutherAI_pythia-1.4b-deduped,1400000000.0,1.4,9.146128035678238
EleutherAI/pythia-1.4b-deduped,Pythia-1.4B-deduped,step143000,143000,299892736000,en,average_en_precomputed,6,21544.35,TP,0.3946463047002446,0.047268484571128,32,EleutherAI_pythia-1.4b-deduped,1400000000.0,1.4,9.146128035678238
EleutherAI/pythia-1.4b-deduped,Pythia-1.4B-deduped,step143000,143000,299892736000,en,average_en_precomputed,6,21544.35,aSTS,0.3715449169043363,0.0214405094843137,40,EleutherAI_pythia-1.4b-deduped,1400000000.0,1.4,9.146128035678238
EleutherAI/pythia-1.4b-deduped,Pythia-1.4B-deduped,step143000,143000,299892736000,en,average_en_precomputed,6,21544.35,pSTS,0.3776870562588401,0.038977217503586,53,EleutherAI_pythia-1.4b-deduped,1400000000.0,1.4,9.146128035678238
EleutherAI/pythia-1.4b-deduped,Pythia-1.4B-deduped,step143000,143000,299892736000,en,average_en_precomputed,7,24307.85444444444,AG_TPJ,0.3811924312358884,0.0556622429005404,56,EleutherAI_pythia-1.4b-deduped,1400000000.0,1.4,9.146128035678238
EleutherAI/pythia-1.4b-deduped,Pythia-1.4B-deduped,step143000,143000,299892736000,en,average_en_precomputed,7,24307.85444444444,BA44,0.4250304900448581,0.0491728255349089,37,EleutherAI_pythia-1.4b-deduped,1400000000.0,1.4,9.146128035678238
EleutherAI/pythia-1.4b-deduped,Pythia-1.4B-deduped,step143000,143000,299892736000,en,average_en_precomputed,7,24307.85444444444,BA45,0.4694924451797768,0.0640353514618462,50,EleutherAI_pythia-1.4b-deduped,1400000000.0,1.4,9.146128035678238
EleutherAI/pythia-1.4b-deduped,Pythia-1.4B-deduped,step143000,143000,299892736000,en,average_en_precomputed,7,24307.85444444444,BA47,0.4087829833869699,0.0380205831128533,68,EleutherAI_pythia-1.4b-deduped,1400000000.0,1.4,9.146128035678238
EleutherAI/pythia-1.4b-deduped,Pythia-1.4B-deduped,step143000,143000,299892736000,en,average_en_precomputed,7,24307.85444444444,TP,0.4076323649952024,0.0481528705592911,32,EleutherAI_pythia-1.4b-deduped,1400000000.0,1.4,9.146128035678238
EleutherAI/pythia-1.4b-deduped,Pythia-1.4B-deduped,step143000,143000,299892736000,en,average_en_precomputed,7,24307.85444444444,aSTS,0.3805089942148886,0.0216074630803777,40,EleutherAI_pythia-1.4b-deduped,1400000000.0,1.4,9.146128035678238
EleutherAI/pythia-1.4b-deduped,Pythia-1.4B-deduped,step143000,143000,299892736000,en,average_en_precomputed,7,24307.85444444444,pSTS,0.3983597121886792,0.0402707907499117,53,EleutherAI_pythia-1.4b-deduped,1400000000.0,1.4,9.146128035678238
EleutherAI/pythia-1.4b-deduped,Pythia-1.4B-deduped,step143000,143000,299892736000,en,average_en_precomputed,8,27071.358888888888,AG_TPJ,0.3849444557563716,0.0544786850700489,56,EleutherAI_pythia-1.4b-deduped,1400000000.0,1.4,9.146128035678238
EleutherAI/pythia-1.4b-deduped,Pythia-1.4B-deduped,step143000,143000,299892736000,en,average_en_precomputed,8,27071.358888888888,BA44,0.4286685789373585,0.0486775497969756,37,EleutherAI_pythia-1.4b-deduped,1400000000.0,1.4,9.146128035678238
EleutherAI/pythia-1.4b-deduped,Pythia-1.4B-deduped,step143000,143000,299892736000,en,average_en_precomputed,8,27071.358888888888,BA45,0.4709856943793196,0.0653837567247303,50,EleutherAI_pythia-1.4b-deduped,1400000000.0,1.4,9.146128035678238
EleutherAI/pythia-1.4b-deduped,Pythia-1.4B-deduped,step143000,143000,299892736000,en,average_en_precomputed,8,27071.358888888888,BA47,0.4160437049052444,0.0362048439026434,68,EleutherAI_pythia-1.4b-deduped,1400000000.0,1.4,9.146128035678238
EleutherAI/pythia-1.4b-deduped,Pythia-1.4B-deduped,step143000,143000,299892736000,en,average_en_precomputed,8,27071.358888888888,TP,0.4155544318466345,0.0468358873015037,32,EleutherAI_pythia-1.4b-deduped,1400000000.0,1.4,9.146128035678238
EleutherAI/pythia-1.4b-deduped,Pythia-1.4B-deduped,step143000,143000,299892736000,en,average_en_precomputed,8,27071.358888888888,aSTS,0.3791665331524839,0.0248468287721538,40,EleutherAI_pythia-1.4b-deduped,1400000000.0,1.4,9.146128035678238
EleutherAI/pythia-1.4b-deduped,Pythia-1.4B-deduped,step143000,143000,299892736000,en,average_en_precomputed,8,27071.358888888888,pSTS,0.3994084169346485,0.0396855119798053,53,EleutherAI_pythia-1.4b-deduped,1400000000.0,1.4,9.146128035678238
EleutherAI/pythia-1.4b-deduped,Pythia-1.4B-deduped,step143000,143000,299892736000,en,average_en_precomputed,9,21544.35,AG_TPJ,0.4172779254269628,0.0530417906711135,56,EleutherAI_pythia-1.4b-deduped,1400000000.0,1.4,9.146128035678238
EleutherAI/pythia-1.4b-deduped,Pythia-1.4B-deduped,step143000,143000,299892736000,en,average_en_precomputed,9,21544.35,BA44,0.4409676535678452,0.0489007820828026,37,EleutherAI_pythia-1.4b-deduped,1400000000.0,1.4,9.146128035678238
EleutherAI/pythia-1.4b-deduped,Pythia-1.4B-deduped,step143000,143000,299892736000,en,average_en_precomputed,9,21544.35,BA45,0.4815557368312423,0.0623844574500193,50,EleutherAI_pythia-1.4b-deduped,1400000000.0,1.4,9.146128035678238
EleutherAI/pythia-1.4b-deduped,Pythia-1.4B-deduped,step143000,143000,299892736000,en,average_en_precomputed,9,21544.35,BA47,0.4242680354112457,0.0361756160751771,68,EleutherAI_pythia-1.4b-deduped,1400000000.0,1.4,9.146128035678238
EleutherAI/pythia-1.4b-deduped,Pythia-1.4B-deduped,step143000,143000,299892736000,en,average_en_precomputed,9,21544.35,TP,0.4262204554588957,0.0476383044603188,32,EleutherAI_pythia-1.4b-deduped,1400000000.0,1.4,9.146128035678238
EleutherAI/pythia-1.4b-deduped,Pythia-1.4B-deduped,step143000,143000,299892736000,en,average_en_precomputed,9,21544.35,aSTS,0.3951498717172187,0.02922030979519,40,EleutherAI_pythia-1.4b-deduped,1400000000.0,1.4,9.146128035678238
EleutherAI/pythia-1.4b-deduped,Pythia-1.4B-deduped,step143000,143000,299892736000,en,average_en_precomputed,9,21544.35,pSTS,0.4168132711172206,0.0423026526995793,53,EleutherAI_pythia-1.4b-deduped,1400000000.0,1.4,9.146128035678238
EleutherAI/pythia-1.4b-deduped,Pythia-1.4B-deduped,step143000,143000,299892736000,en,average_en_precomputed,10,21544.35,AG_TPJ,0.4341719932521679,0.0524279075524143,56,EleutherAI_pythia-1.4b-deduped,1400000000.0,1.4,9.146128035678238
EleutherAI/pythia-1.4b-deduped,Pythia-1.4B-deduped,step143000,143000,299892736000,en,average_en_precomputed,10,21544.35,BA44,0.4507868702006865,0.0450237914059239,37,EleutherAI_pythia-1.4b-deduped,1400000000.0,1.4,9.146128035678238
EleutherAI/pythia-1.4b-deduped,Pythia-1.4B-deduped,step143000,143000,299892736000,en,average_en_precomputed,10,21544.35,BA45,0.4887049605539177,0.0588266165479656,50,EleutherAI_pythia-1.4b-deduped,1400000000.0,1.4,9.146128035678238
EleutherAI/pythia-1.4b-deduped,Pythia-1.4B-deduped,step143000,143000,299892736000,en,average_en_precomputed,10,21544.35,BA47,0.4298480394661771,0.0347755037678539,68,EleutherAI_pythia-1.4b-deduped,1400000000.0,1.4,9.146128035678238
EleutherAI/pythia-1.4b-deduped,Pythia-1.4B-deduped,step143000,143000,299892736000,en,average_en_precomputed,10,21544.35,TP,0.4353729641965537,0.0479198113002209,32,EleutherAI_pythia-1.4b-deduped,1400000000.0,1.4,9.146128035678238
EleutherAI/pythia-1.4b-deduped,Pythia-1.4B-deduped,step143000,143000,299892736000,en,average_en_precomputed,10,21544.35,aSTS,0.406046238442471,0.030661291108026,40,EleutherAI_pythia-1.4b-deduped,1400000000.0,1.4,9.146128035678238
EleutherAI/pythia-1.4b-deduped,Pythia-1.4B-deduped,step143000,143000,299892736000,en,average_en_precomputed,10,21544.35,pSTS,0.4277956061186574,0.0461789229708692,53,EleutherAI_pythia-1.4b-deduped,1400000000.0,1.4,9.146128035678238
EleutherAI/pythia-1.4b-deduped,Pythia-1.4B-deduped,step143000,143000,299892736000,en,average_en_precomputed,11,21544.35,AG_TPJ,0.4480748913521656,0.05065035171485,56,EleutherAI_pythia-1.4b-deduped,1400000000.0,1.4,9.146128035678238
EleutherAI/pythia-1.4b-deduped,Pythia-1.4B-deduped,step143000,143000,299892736000,en,average_en_precomputed,11,21544.35,BA44,0.4591922391742676,0.0442895179110324,37,EleutherAI_pythia-1.4b-deduped,1400000000.0,1.4,9.146128035678238
EleutherAI/pythia-1.4b-deduped,Pythia-1.4B-deduped,step143000,143000,299892736000,en,average_en_precomputed,11,21544.35,BA45,0.5012448298180713,0.0591543159367206,50,EleutherAI_pythia-1.4b-deduped,1400000000.0,1.4,9.146128035678238
EleutherAI/pythia-1.4b-deduped,Pythia-1.4B-deduped,step143000,143000,299892736000,en,average_en_precomputed,11,21544.35,BA47,0.4349240960249773,0.0344171961490432,68,EleutherAI_pythia-1.4b-deduped,1400000000.0,1.4,9.146128035678238
EleutherAI/pythia-1.4b-deduped,Pythia-1.4B-deduped,step143000,143000,299892736000,en,average_en_precomputed,11,21544.35,TP,0.4379781295862838,0.04916397110133,32,EleutherAI_pythia-1.4b-deduped,1400000000.0,1.4,9.146128035678238
EleutherAI/pythia-1.4b-deduped,Pythia-1.4B-deduped,step143000,143000,299892736000,en,average_en_precomputed,11,21544.35,aSTS,0.4097288344499349,0.0324160590480605,40,EleutherAI_pythia-1.4b-deduped,1400000000.0,1.4,9.146128035678238
EleutherAI/pythia-1.4b-deduped,Pythia-1.4B-deduped,step143000,143000,299892736000,en,average_en_precomputed,11,21544.35,pSTS,0.4272402302520936,0.0481858926039199,53,EleutherAI_pythia-1.4b-deduped,1400000000.0,1.4,9.146128035678238
EleutherAI/pythia-1.4b-deduped,Pythia-1.4B-deduped,step143000,143000,299892736000,en,average_en_precomputed,12,24307.854444444445,AG_TPJ,0.4502739030723864,0.0457623718975011,56,EleutherAI_pythia-1.4b-deduped,1400000000.0,1.4,9.146128035678238
EleutherAI/pythia-1.4b-deduped,Pythia-1.4B-deduped,step143000,143000,299892736000,en,average_en_precomputed,12,24307.854444444445,BA44,0.456457572334689,0.0441741708003578,37,EleutherAI_pythia-1.4b-deduped,1400000000.0,1.4,9.146128035678238
EleutherAI/pythia-1.4b-deduped,Pythia-1.4B-deduped,step143000,143000,299892736000,en,average_en_precomputed,12,24307.854444444445,BA45,0.5008246125360396,0.059848355024015,50,EleutherAI_pythia-1.4b-deduped,1400000000.0,1.4,9.146128035678238
EleutherAI/pythia-1.4b-deduped,Pythia-1.4B-deduped,step143000,143000,299892736000,en,average_en_precomputed,12,24307.854444444445,BA47,0.4294907378351437,0.0348300004961618,68,EleutherAI_pythia-1.4b-deduped,1400000000.0,1.4,9.146128035678238
EleutherAI/pythia-1.4b-deduped,Pythia-1.4B-deduped,step143000,143000,299892736000,en,average_en_precomputed,12,24307.854444444445,TP,0.4334467130907424,0.0493996233611258,32,EleutherAI_pythia-1.4b-deduped,1400000000.0,1.4,9.146128035678238
EleutherAI/pythia-1.4b-deduped,Pythia-1.4B-deduped,step143000,143000,299892736000,en,average_en_precomputed,12,24307.854444444445,aSTS,0.4069668304446194,0.0347581700364502,40,EleutherAI_pythia-1.4b-deduped,1400000000.0,1.4,9.146128035678238
EleutherAI/pythia-1.4b-deduped,Pythia-1.4B-deduped,step143000,143000,299892736000,en,average_en_precomputed,12,24307.854444444445,pSTS,0.4209108123944725,0.0495189892035902,53,EleutherAI_pythia-1.4b-deduped,1400000000.0,1.4,9.146128035678238
EleutherAI/pythia-1.4b-deduped,Pythia-1.4B-deduped,step143000,143000,299892736000,en,average_en_precomputed,13,21544.35,AG_TPJ,0.4384398614061718,0.0528225610110262,56,EleutherAI_pythia-1.4b-deduped,1400000000.0,1.4,9.146128035678238
EleutherAI/pythia-1.4b-deduped,Pythia-1.4B-deduped,step143000,143000,299892736000,en,average_en_precomputed,13,21544.35,BA44,0.4475528955715029,0.0449154466112824,37,EleutherAI_pythia-1.4b-deduped,1400000000.0,1.4,9.146128035678238
EleutherAI/pythia-1.4b-deduped,Pythia-1.4B-deduped,step143000,143000,299892736000,en,average_en_precomputed,13,21544.35,BA45,0.4953720747957523,0.0578520979037018,50,EleutherAI_pythia-1.4b-deduped,1400000000.0,1.4,9.146128035678238
EleutherAI/pythia-1.4b-deduped,Pythia-1.4B-deduped,step143000,143000,299892736000,en,average_en_precomputed,13,21544.35,BA47,0.4293505586255933,0.0331286799710436,68,EleutherAI_pythia-1.4b-deduped,1400000000.0,1.4,9.146128035678238
EleutherAI/pythia-1.4b-deduped,Pythia-1.4B-deduped,step143000,143000,299892736000,en,average_en_precomputed,13,21544.35,TP,0.4355524848330375,0.0485065493902846,32,EleutherAI_pythia-1.4b-deduped,1400000000.0,1.4,9.146128035678238
EleutherAI/pythia-1.4b-deduped,Pythia-1.4B-deduped,step143000,143000,299892736000,en,average_en_precomputed,13,21544.35,aSTS,0.4037447370766802,0.0360258433688581,40,EleutherAI_pythia-1.4b-deduped,1400000000.0,1.4,9.146128035678238
EleutherAI/pythia-1.4b-deduped,Pythia-1.4B-deduped,step143000,143000,299892736000,en,average_en_precomputed,13,21544.35,pSTS,0.413587819822887,0.050611935227662,53,EleutherAI_pythia-1.4b-deduped,1400000000.0,1.4,9.146128035678238
EleutherAI/pythia-1.4b-deduped,Pythia-1.4B-deduped,step143000,143000,299892736000,en,average_en_precomputed,14,21544.35,AG_TPJ,0.4410457182603063,0.0522131653494521,56,EleutherAI_pythia-1.4b-deduped,1400000000.0,1.4,9.146128035678238
EleutherAI/pythia-1.4b-deduped,Pythia-1.4B-deduped,step143000,143000,299892736000,en,average_en_precomputed,14,21544.35,BA44,0.4521503705453915,0.0445260662624683,37,EleutherAI_pythia-1.4b-deduped,1400000000.0,1.4,9.146128035678238
EleutherAI/pythia-1.4b-deduped,Pythia-1.4B-deduped,step143000,143000,299892736000,en,average_en_precomputed,14,21544.35,BA45,0.4964108229584515,0.0565937873080173,50,EleutherAI_pythia-1.4b-deduped,1400000000.0,1.4,9.146128035678238
EleutherAI/pythia-1.4b-deduped,Pythia-1.4B-deduped,step143000,143000,299892736000,en,average_en_precomputed,14,21544.35,BA47,0.4323385917373777,0.0320490910233407,68,EleutherAI_pythia-1.4b-deduped,1400000000.0,1.4,9.146128035678238
EleutherAI/pythia-1.4b-deduped,Pythia-1.4B-deduped,step143000,143000,299892736000,en,average_en_precomputed,14,21544.35,TP,0.4336027221802108,0.0491729212903098,32,EleutherAI_pythia-1.4b-deduped,1400000000.0,1.4,9.146128035678238
EleutherAI/pythia-1.4b-deduped,Pythia-1.4B-deduped,step143000,143000,299892736000,en,average_en_precomputed,14,21544.35,aSTS,0.4034125546533559,0.0351563511343342,40,EleutherAI_pythia-1.4b-deduped,1400000000.0,1.4,9.146128035678238
EleutherAI/pythia-1.4b-deduped,Pythia-1.4B-deduped,step143000,143000,299892736000,en,average_en_precomputed,14,21544.35,pSTS,0.4156485656175417,0.0515924523936398,53,EleutherAI_pythia-1.4b-deduped,1400000000.0,1.4,9.146128035678238
EleutherAI/pythia-1.4b-deduped,Pythia-1.4B-deduped,step143000,143000,299892736000,en,average_en_precomputed,15,20261.64444444444,AG_TPJ,0.4307583045805164,0.0484500315558683,56,EleutherAI_pythia-1.4b-deduped,1400000000.0,1.4,9.146128035678238
EleutherAI/pythia-1.4b-deduped,Pythia-1.4B-deduped,step143000,143000,299892736000,en,average_en_precomputed,15,20261.64444444444,BA44,0.4523139376173914,0.0431779789703502,37,EleutherAI_pythia-1.4b-deduped,1400000000.0,1.4,9.146128035678238
EleutherAI/pythia-1.4b-deduped,Pythia-1.4B-deduped,step143000,143000,299892736000,en,average_en_precomputed,15,20261.64444444444,BA45,0.4963402348769544,0.0564172054006097,50,EleutherAI_pythia-1.4b-deduped,1400000000.0,1.4,9.146128035678238
EleutherAI/pythia-1.4b-deduped,Pythia-1.4B-deduped,step143000,143000,299892736000,en,average_en_precomputed,15,20261.64444444444,BA47,0.4297935421920962,0.0332900605080596,68,EleutherAI_pythia-1.4b-deduped,1400000000.0,1.4,9.146128035678238
EleutherAI/pythia-1.4b-deduped,Pythia-1.4B-deduped,step143000,143000,299892736000,en,average_en_precomputed,15,20261.64444444444,TP,0.4281999286737729,0.0488679917136145,32,EleutherAI_pythia-1.4b-deduped,1400000000.0,1.4,9.146128035678238
EleutherAI/pythia-1.4b-deduped,Pythia-1.4B-deduped,step143000,143000,299892736000,en,average_en_precomputed,15,20261.64444444444,aSTS,0.4018212316105011,0.0333999527080215,40,EleutherAI_pythia-1.4b-deduped,1400000000.0,1.4,9.146128035678238
EleutherAI/pythia-1.4b-deduped,Pythia-1.4B-deduped,step143000,143000,299892736000,en,average_en_precomputed,15,20261.64444444444,pSTS,0.4115475337185887,0.0490806046887958,53,EleutherAI_pythia-1.4b-deduped,1400000000.0,1.4,9.146128035678238
EleutherAI/pythia-1.4b-deduped,Pythia-1.4B-deduped,step143000,143000,299892736000,en,average_en_precomputed,16,20261.64444444444,AG_TPJ,0.4198070461943471,0.0484022212571105,56,EleutherAI_pythia-1.4b-deduped,1400000000.0,1.4,9.146128035678238
EleutherAI/pythia-1.4b-deduped,Pythia-1.4B-deduped,step143000,143000,299892736000,en,average_en_precomputed,16,20261.64444444444,BA44,0.4441988174911747,0.042515005681493,37,EleutherAI_pythia-1.4b-deduped,1400000000.0,1.4,9.146128035678238
EleutherAI/pythia-1.4b-deduped,Pythia-1.4B-deduped,step143000,143000,299892736000,en,average_en_precomputed,16,20261.64444444444,BA45,0.493047588997178,0.0554234059704411,50,EleutherAI_pythia-1.4b-deduped,1400000000.0,1.4,9.146128035678238
EleutherAI/pythia-1.4b-deduped,Pythia-1.4B-deduped,step143000,143000,299892736000,en,average_en_precomputed,16,20261.64444444444,BA47,0.4246086548698675,0.034484640788512,68,EleutherAI_pythia-1.4b-deduped,1400000000.0,1.4,9.146128035678238
EleutherAI/pythia-1.4b-deduped,Pythia-1.4B-deduped,step143000,143000,299892736000,en,average_en_precomputed,16,20261.64444444444,TP,0.4235910410273759,0.0490852086367864,32,EleutherAI_pythia-1.4b-deduped,1400000000.0,1.4,9.146128035678238
EleutherAI/pythia-1.4b-deduped,Pythia-1.4B-deduped,step143000,143000,299892736000,en,average_en_precomputed,16,20261.64444444444,aSTS,0.3983298140421081,0.0315524820992648,40,EleutherAI_pythia-1.4b-deduped,1400000000.0,1.4,9.146128035678238
EleutherAI/pythia-1.4b-deduped,Pythia-1.4B-deduped,step143000,143000,299892736000,en,average_en_precomputed,16,20261.64444444444,pSTS,0.4040944636976794,0.0477338478906913,53,EleutherAI_pythia-1.4b-deduped,1400000000.0,1.4,9.146128035678238
EleutherAI/pythia-1.4b-deduped,Pythia-1.4B-deduped,step143000,143000,299892736000,en,average_en_precomputed,17,13848.116666666663,AG_TPJ,0.4195448295147103,0.0485547333427274,56,EleutherAI_pythia-1.4b-deduped,1400000000.0,1.4,9.146128035678238
EleutherAI/pythia-1.4b-deduped,Pythia-1.4B-deduped,step143000,143000,299892736000,en,average_en_precomputed,17,13848.116666666663,BA44,0.4416013796860771,0.0432865861413314,37,EleutherAI_pythia-1.4b-deduped,1400000000.0,1.4,9.146128035678238
EleutherAI/pythia-1.4b-deduped,Pythia-1.4B-deduped,step143000,143000,299892736000,en,average_en_precomputed,17,13848.116666666663,BA45,0.4924675623335865,0.0571916056617075,50,EleutherAI_pythia-1.4b-deduped,1400000000.0,1.4,9.146128035678238
EleutherAI/pythia-1.4b-deduped,Pythia-1.4B-deduped,step143000,143000,299892736000,en,average_en_precomputed,17,13848.116666666663,BA47,0.4206782500378162,0.0353341328808431,68,EleutherAI_pythia-1.4b-deduped,1400000000.0,1.4,9.146128035678238
EleutherAI/pythia-1.4b-deduped,Pythia-1.4B-deduped,step143000,143000,299892736000,en,average_en_precomputed,17,13848.116666666663,TP,0.4241841929128194,0.0488554912986638,32,EleutherAI_pythia-1.4b-deduped,1400000000.0,1.4,9.146128035678238
EleutherAI/pythia-1.4b-deduped,Pythia-1.4B-deduped,step143000,143000,299892736000,en,average_en_precomputed,17,13848.116666666663,aSTS,0.3996158898213557,0.0308831030403749,40,EleutherAI_pythia-1.4b-deduped,1400000000.0,1.4,9.146128035678238
EleutherAI/pythia-1.4b-deduped,Pythia-1.4B-deduped,step143000,143000,299892736000,en,average_en_precomputed,17,13848.116666666663,pSTS,0.4018802324214796,0.0468076901659263,53,EleutherAI_pythia-1.4b-deduped,1400000000.0,1.4,9.146128035678238
EleutherAI/pythia-1.4b-deduped,Pythia-1.4B-deduped,step143000,143000,299892736000,en,average_en_precomputed,18,12565.411111111112,AG_TPJ,0.4109403993240184,0.0496181007954692,56,EleutherAI_pythia-1.4b-deduped,1400000000.0,1.4,9.146128035678238
EleutherAI/pythia-1.4b-deduped,Pythia-1.4B-deduped,step143000,143000,299892736000,en,average_en_precomputed,18,12565.411111111112,BA44,0.4344628242002082,0.0444863980388464,37,EleutherAI_pythia-1.4b-deduped,1400000000.0,1.4,9.146128035678238
EleutherAI/pythia-1.4b-deduped,Pythia-1.4B-deduped,step143000,143000,299892736000,en,average_en_precomputed,18,12565.411111111112,BA45,0.486780258711094,0.0571208174306507,50,EleutherAI_pythia-1.4b-deduped,1400000000.0,1.4,9.146128035678238
EleutherAI/pythia-1.4b-deduped,Pythia-1.4B-deduped,step143000,143000,299892736000,en,average_en_precomputed,18,12565.411111111112,BA47,0.4112290770974823,0.0363259866397795,68,EleutherAI_pythia-1.4b-deduped,1400000000.0,1.4,9.146128035678238
EleutherAI/pythia-1.4b-deduped,Pythia-1.4B-deduped,step143000,143000,299892736000,en,average_en_precomputed,18,12565.411111111112,TP,0.4189453499628836,0.0494764398572256,32,EleutherAI_pythia-1.4b-deduped,1400000000.0,1.4,9.146128035678238
EleutherAI/pythia-1.4b-deduped,Pythia-1.4B-deduped,step143000,143000,299892736000,en,average_en_precomputed,18,12565.411111111112,aSTS,0.3909573967607014,0.0321905117927078,40,EleutherAI_pythia-1.4b-deduped,1400000000.0,1.4,9.146128035678238
EleutherAI/pythia-1.4b-deduped,Pythia-1.4B-deduped,step143000,143000,299892736000,en,average_en_precomputed,18,12565.411111111112,pSTS,0.3967899828100354,0.0463077606208425,53,EleutherAI_pythia-1.4b-deduped,1400000000.0,1.4,9.146128035678238
EleutherAI/pythia-1.4b-deduped,Pythia-1.4B-deduped,step143000,143000,299892736000,en,average_en_precomputed,19,13848.116666666663,AG_TPJ,0.3960919523230685,0.0496826119179176,56,EleutherAI_pythia-1.4b-deduped,1400000000.0,1.4,9.146128035678238
EleutherAI/pythia-1.4b-deduped,Pythia-1.4B-deduped,step143000,143000,299892736000,en,average_en_precomputed,19,13848.116666666663,BA44,0.4241302004641573,0.0456117507034204,37,EleutherAI_pythia-1.4b-deduped,1400000000.0,1.4,9.146128035678238
EleutherAI/pythia-1.4b-deduped,Pythia-1.4B-deduped,step143000,143000,299892736000,en,average_en_precomputed,19,13848.116666666663,BA45,0.4778538723552045,0.0583235427796233,50,EleutherAI_pythia-1.4b-deduped,1400000000.0,1.4,9.146128035678238
EleutherAI/pythia-1.4b-deduped,Pythia-1.4B-deduped,step143000,143000,299892736000,en,average_en_precomputed,19,13848.116666666663,BA47,0.4015775235967107,0.0386000188732861,68,EleutherAI_pythia-1.4b-deduped,1400000000.0,1.4,9.146128035678238
EleutherAI/pythia-1.4b-deduped,Pythia-1.4B-deduped,step143000,143000,299892736000,en,average_en_precomputed,19,13848.116666666663,TP,0.4098163748969186,0.0498603730174956,32,EleutherAI_pythia-1.4b-deduped,1400000000.0,1.4,9.146128035678238
EleutherAI/pythia-1.4b-deduped,Pythia-1.4B-deduped,step143000,143000,299892736000,en,average_en_precomputed,19,13848.116666666663,aSTS,0.3791116813421446,0.0324224758366758,40,EleutherAI_pythia-1.4b-deduped,1400000000.0,1.4,9.146128035678238
EleutherAI/pythia-1.4b-deduped,Pythia-1.4B-deduped,step143000,143000,299892736000,en,average_en_precomputed,19,13848.116666666663,pSTS,0.3856783371806215,0.0467484975052609,53,EleutherAI_pythia-1.4b-deduped,1400000000.0,1.4,9.146128035678238
EleutherAI/pythia-1.4b-deduped,Pythia-1.4B-deduped,step143000,143000,299892736000,en,average_en_precomputed,20,12565.411111111112,AG_TPJ,0.394483452348216,0.0478443848788784,56,EleutherAI_pythia-1.4b-deduped,1400000000.0,1.4,9.146128035678238
EleutherAI/pythia-1.4b-deduped,Pythia-1.4B-deduped,step143000,143000,299892736000,en,average_en_precomputed,20,12565.411111111112,BA44,0.4177414701862089,0.0458238204253364,37,EleutherAI_pythia-1.4b-deduped,1400000000.0,1.4,9.146128035678238
EleutherAI/pythia-1.4b-deduped,Pythia-1.4B-deduped,step143000,143000,299892736000,en,average_en_precomputed,20,12565.411111111112,BA45,0.4706042720727058,0.059743306531331,50,EleutherAI_pythia-1.4b-deduped,1400000000.0,1.4,9.146128035678238
EleutherAI/pythia-1.4b-deduped,Pythia-1.4B-deduped,step143000,143000,299892736000,en,average_en_precomputed,20,12565.411111111112,BA47,0.3939237930412559,0.0396393046187799,68,EleutherAI_pythia-1.4b-deduped,1400000000.0,1.4,9.146128035678238
EleutherAI/pythia-1.4b-deduped,Pythia-1.4B-deduped,step143000,143000,299892736000,en,average_en_precomputed,20,12565.411111111112,TP,0.4045950420763005,0.0510990603202794,32,EleutherAI_pythia-1.4b-deduped,1400000000.0,1.4,9.146128035678238
EleutherAI/pythia-1.4b-deduped,Pythia-1.4B-deduped,step143000,143000,299892736000,en,average_en_precomputed,20,12565.411111111112,aSTS,0.3786077486718878,0.0313510784906169,40,EleutherAI_pythia-1.4b-deduped,1400000000.0,1.4,9.146128035678238
EleutherAI/pythia-1.4b-deduped,Pythia-1.4B-deduped,step143000,143000,299892736000,en,average_en_precomputed,20,12565.411111111112,pSTS,0.3808433180604383,0.0474126712585324,53,EleutherAI_pythia-1.4b-deduped,1400000000.0,1.4,9.146128035678238
EleutherAI/pythia-1.4b-deduped,Pythia-1.4B-deduped,step143000,143000,299892736000,en,average_en_precomputed,21,11282.705555555556,AG_TPJ,0.3873972529198119,0.0508711810886379,56,EleutherAI_pythia-1.4b-deduped,1400000000.0,1.4,9.146128035678238
EleutherAI/pythia-1.4b-deduped,Pythia-1.4B-deduped,step143000,143000,299892736000,en,average_en_precomputed,21,11282.705555555556,BA44,0.4131686188808623,0.0456431639126091,37,EleutherAI_pythia-1.4b-deduped,1400000000.0,1.4,9.146128035678238
EleutherAI/pythia-1.4b-deduped,Pythia-1.4B-deduped,step143000,143000,299892736000,en,average_en_precomputed,21,11282.705555555556,BA45,0.4640618256068547,0.0603828827404354,50,EleutherAI_pythia-1.4b-deduped,1400000000.0,1.4,9.146128035678238
EleutherAI/pythia-1.4b-deduped,Pythia-1.4B-deduped,step143000,143000,299892736000,en,average_en_precomputed,21,11282.705555555556,BA47,0.3886456878805505,0.0397486207547272,68,EleutherAI_pythia-1.4b-deduped,1400000000.0,1.4,9.146128035678238
EleutherAI/pythia-1.4b-deduped,Pythia-1.4B-deduped,step143000,143000,299892736000,en,average_en_precomputed,21,11282.705555555556,TP,0.3987015810492534,0.0521243201975615,32,EleutherAI_pythia-1.4b-deduped,1400000000.0,1.4,9.146128035678238
EleutherAI/pythia-1.4b-deduped,Pythia-1.4B-deduped,step143000,143000,299892736000,en,average_en_precomputed,21,11282.705555555556,aSTS,0.3709558111738399,0.0327980190636103,40,EleutherAI_pythia-1.4b-deduped,1400000000.0,1.4,9.146128035678238
EleutherAI/pythia-1.4b-deduped,Pythia-1.4B-deduped,step143000,143000,299892736000,en,average_en_precomputed,21,11282.705555555556,pSTS,0.3736240449322376,0.0487803737491032,53,EleutherAI_pythia-1.4b-deduped,1400000000.0,1.4,9.146128035678238
EleutherAI/pythia-1.4b-deduped,Pythia-1.4B-deduped,step143000,143000,299892736000,en,average_en_precomputed,22,11282.705555555556,AG_TPJ,0.3836004357631291,0.0505966270427686,56,EleutherAI_pythia-1.4b-deduped,1400000000.0,1.4,9.146128035678238
EleutherAI/pythia-1.4b-deduped,Pythia-1.4B-deduped,step143000,143000,299892736000,en,average_en_precomputed,22,11282.705555555556,BA44,0.4073349256428032,0.0446840967015534,37,EleutherAI_pythia-1.4b-deduped,1400000000.0,1.4,9.146128035678238
EleutherAI/pythia-1.4b-deduped,Pythia-1.4B-deduped,step143000,143000,299892736000,en,average_en_precomputed,22,11282.705555555556,BA45,0.4578702211197503,0.0615996547992982,50,EleutherAI_pythia-1.4b-deduped,1400000000.0,1.4,9.146128035678238
EleutherAI/pythia-1.4b-deduped,Pythia-1.4B-deduped,step143000,143000,299892736000,en,average_en_precomputed,22,11282.705555555556,BA47,0.3846116842615843,0.0392336489743529,68,EleutherAI_pythia-1.4b-deduped,1400000000.0,1.4,9.146128035678238
EleutherAI/pythia-1.4b-deduped,Pythia-1.4B-deduped,step143000,143000,299892736000,en,average_en_precomputed,22,11282.705555555556,TP,0.3970488869169619,0.0526226172323573,32,EleutherAI_pythia-1.4b-deduped,1400000000.0,1.4,9.146128035678238
EleutherAI/pythia-1.4b-deduped,Pythia-1.4B-deduped,step143000,143000,299892736000,en,average_en_precomputed,22,11282.705555555556,aSTS,0.3652372854738056,0.0327607176251232,40,EleutherAI_pythia-1.4b-deduped,1400000000.0,1.4,9.146128035678238
EleutherAI/pythia-1.4b-deduped,Pythia-1.4B-deduped,step143000,143000,299892736000,en,average_en_precomputed,22,11282.705555555556,pSTS,0.3688059137853788,0.0489173147412999,53,EleutherAI_pythia-1.4b-deduped,1400000000.0,1.4,9.146128035678238
EleutherAI/pythia-1.4b-deduped,Pythia-1.4B-deduped,step143000,143000,299892736000,en,average_en_precomputed,23,11282.705555555556,AG_TPJ,0.3827273210073091,0.0494234234471484,56,EleutherAI_pythia-1.4b-deduped,1400000000.0,1.4,9.146128035678238
EleutherAI/pythia-1.4b-deduped,Pythia-1.4B-deduped,step143000,143000,299892736000,en,average_en_precomputed,23,11282.705555555556,BA44,0.4068488743828197,0.0450516778148671,37,EleutherAI_pythia-1.4b-deduped,1400000000.0,1.4,9.146128035678238
EleutherAI/pythia-1.4b-deduped,Pythia-1.4B-deduped,step143000,143000,299892736000,en,average_en_precomputed,23,11282.705555555556,BA45,0.4600588369293488,0.0612352403450094,50,EleutherAI_pythia-1.4b-deduped,1400000000.0,1.4,9.146128035678238
EleutherAI/pythia-1.4b-deduped,Pythia-1.4B-deduped,step143000,143000,299892736000,en,average_en_precomputed,23,11282.705555555556,BA47,0.3811929358511192,0.0397315837019921,68,EleutherAI_pythia-1.4b-deduped,1400000000.0,1.4,9.146128035678238
EleutherAI/pythia-1.4b-deduped,Pythia-1.4B-deduped,step143000,143000,299892736000,en,average_en_precomputed,23,11282.705555555556,TP,0.3987470298837594,0.0515217937743389,32,EleutherAI_pythia-1.4b-deduped,1400000000.0,1.4,9.146128035678238
EleutherAI/pythia-1.4b-deduped,Pythia-1.4B-deduped,step143000,143000,299892736000,en,average_en_precomputed,23,11282.705555555556,aSTS,0.367821840683676,0.0313537886865514,40,EleutherAI_pythia-1.4b-deduped,1400000000.0,1.4,9.146128035678238
EleutherAI/pythia-1.4b-deduped,Pythia-1.4B-deduped,step143000,143000,299892736000,en,average_en_precomputed,23,11282.705555555556,pSTS,0.3708518764931472,0.0508032998868248,53,EleutherAI_pythia-1.4b-deduped,1400000000.0,1.4,9.146128035678238
EleutherAI/pythia-1.4b-deduped,Pythia-1.4B-deduped,step143000,143000,299892736000,en,average_en_precomputed,24,21544.35,AG_TPJ,0.3644468451895769,0.0514774451259598,56,EleutherAI_pythia-1.4b-deduped,1400000000.0,1.4,9.146128035678238
EleutherAI/pythia-1.4b-deduped,Pythia-1.4B-deduped,step143000,143000,299892736000,en,average_en_precomputed,24,21544.35,BA44,0.4064498707000833,0.0455742453290932,37,EleutherAI_pythia-1.4b-deduped,1400000000.0,1.4,9.146128035678238
EleutherAI/pythia-1.4b-deduped,Pythia-1.4B-deduped,step143000,143000,299892736000,en,average_en_precomputed,24,21544.35,BA45,0.4489063030823987,0.0608135758669712,50,EleutherAI_pythia-1.4b-deduped,1400000000.0,1.4,9.146128035678238
EleutherAI/pythia-1.4b-deduped,Pythia-1.4B-deduped,step143000,143000,299892736000,en,average_en_precomputed,24,21544.35,BA47,0.379753114658215,0.0384872317543202,68,EleutherAI_pythia-1.4b-deduped,1400000000.0,1.4,9.146128035678238
EleutherAI/pythia-1.4b-deduped,Pythia-1.4B-deduped,step143000,143000,299892736000,en,average_en_precomputed,24,21544.35,TP,0.3954849368595173,0.0501050840519449,32,EleutherAI_pythia-1.4b-deduped,1400000000.0,1.4,9.146128035678238
EleutherAI/pythia-1.4b-deduped,Pythia-1.4B-deduped,step143000,143000,299892736000,en,average_en_precomputed,24,21544.35,aSTS,0.3520420985082692,0.0348468566880893,40,EleutherAI_pythia-1.4b-deduped,1400000000.0,1.4,9.146128035678238
EleutherAI/pythia-1.4b-deduped,Pythia-1.4B-deduped,step143000,143000,299892736000,en,average_en_precomputed,24,21544.35,pSTS,0.358649012622266,0.049690476964007,53,EleutherAI_pythia-1.4b-deduped,1400000000.0,1.4,9.146128035678238
EleutherAI/pythia-12b-deduped,Pythia-12B-deduped,step143000,143000,299892736000,en,average_en_precomputed,0,46415.89,AG_TPJ,0.2024772620675359,0.0567987315228691,56,EleutherAI_pythia-12b-deduped,12000000000.0,12.0,10.079181246047625
EleutherAI/pythia-12b-deduped,Pythia-12B-deduped,step143000,143000,299892736000,en,average_en_precomputed,0,46415.89,BA44,0.2426303424835788,0.0452331119357028,37,EleutherAI_pythia-12b-deduped,12000000000.0,12.0,10.079181246047625
EleutherAI/pythia-12b-deduped,Pythia-12B-deduped,step143000,143000,299892736000,en,average_en_precomputed,0,46415.89,BA45,0.2788011795317937,0.0605898125926814,50,EleutherAI_pythia-12b-deduped,12000000000.0,12.0,10.079181246047625
EleutherAI/pythia-12b-deduped,Pythia-12B-deduped,step143000,143000,299892736000,en,average_en_precomputed,0,46415.89,BA47,0.2303456012830573,0.0466684923310027,68,EleutherAI_pythia-12b-deduped,12000000000.0,12.0,10.079181246047625
EleutherAI/pythia-12b-deduped,Pythia-12B-deduped,step143000,143000,299892736000,en,average_en_precomputed,0,46415.89,TP,0.2680124879904357,0.0462869226413094,32,EleutherAI_pythia-12b-deduped,12000000000.0,12.0,10.079181246047625
EleutherAI/pythia-12b-deduped,Pythia-12B-deduped,step143000,143000,299892736000,en,average_en_precomputed,0,46415.89,aSTS,0.1881819342842776,0.0381086632019704,40,EleutherAI_pythia-12b-deduped,12000000000.0,12.0,10.079181246047625
EleutherAI/pythia-12b-deduped,Pythia-12B-deduped,step143000,143000,299892736000,en,average_en_precomputed,0,46415.89,pSTS,0.2152274453772564,0.0485966797662322,53,EleutherAI_pythia-12b-deduped,12000000000.0,12.0,10.079181246047625
EleutherAI/pythia-12b-deduped,Pythia-12B-deduped,step143000,143000,299892736000,en,average_en_precomputed,1,58323.47,AG_TPJ,0.2198507812943239,0.0491089604079249,56,EleutherAI_pythia-12b-deduped,12000000000.0,12.0,10.079181246047625
EleutherAI/pythia-12b-deduped,Pythia-12B-deduped,step143000,143000,299892736000,en,average_en_precomputed,1,58323.47,BA44,0.2761906163933535,0.0476448468915775,37,EleutherAI_pythia-12b-deduped,12000000000.0,12.0,10.079181246047625
EleutherAI/pythia-12b-deduped,Pythia-12B-deduped,step143000,143000,299892736000,en,average_en_precomputed,1,58323.47,BA45,0.3272678716673446,0.0620953135193285,50,EleutherAI_pythia-12b-deduped,12000000000.0,12.0,10.079181246047625
EleutherAI/pythia-12b-deduped,Pythia-12B-deduped,step143000,143000,299892736000,en,average_en_precomputed,1,58323.47,BA47,0.2612574778005994,0.0458944018063663,68,EleutherAI_pythia-12b-deduped,12000000000.0,12.0,10.079181246047625
EleutherAI/pythia-12b-deduped,Pythia-12B-deduped,step143000,143000,299892736000,en,average_en_precomputed,1,58323.47,TP,0.288277440114624,0.0480101877492108,32,EleutherAI_pythia-12b-deduped,12000000000.0,12.0,10.079181246047625
EleutherAI/pythia-12b-deduped,Pythia-12B-deduped,step143000,143000,299892736000,en,average_en_precomputed,1,58323.47,aSTS,0.2349502436975817,0.0312597158871732,40,EleutherAI_pythia-12b-deduped,12000000000.0,12.0,10.079181246047625
EleutherAI/pythia-12b-deduped,Pythia-12B-deduped,step143000,143000,299892736000,en,average_en_precomputed,1,58323.47,pSTS,0.2526490254394252,0.0429240675192745,53,EleutherAI_pythia-12b-deduped,12000000000.0,12.0,10.079181246047625
EleutherAI/pythia-12b-deduped,Pythia-12B-deduped,step143000,143000,299892736000,en,average_en_precomputed,2,58323.47,AG_TPJ,0.2361929671424487,0.0527552819699376,56,EleutherAI_pythia-12b-deduped,12000000000.0,12.0,10.079181246047625
EleutherAI/pythia-12b-deduped,Pythia-12B-deduped,step143000,143000,299892736000,en,average_en_precomputed,2,58323.47,BA44,0.2892231855337083,0.0501171329528306,37,EleutherAI_pythia-12b-deduped,12000000000.0,12.0,10.079181246047625
EleutherAI/pythia-12b-deduped,Pythia-12B-deduped,step143000,143000,299892736000,en,average_en_precomputed,2,58323.47,BA45,0.3439520998770076,0.0643702479961972,50,EleutherAI_pythia-12b-deduped,12000000000.0,12.0,10.079181246047625
EleutherAI/pythia-12b-deduped,Pythia-12B-deduped,step143000,143000,299892736000,en,average_en_precomputed,2,58323.47,BA47,0.2795876764670769,0.0439297222113443,68,EleutherAI_pythia-12b-deduped,12000000000.0,12.0,10.079181246047625
EleutherAI/pythia-12b-deduped,Pythia-12B-deduped,step143000,143000,299892736000,en,average_en_precomputed,2,58323.47,TP,0.3147702243897783,0.0477782160781156,32,EleutherAI_pythia-12b-deduped,12000000000.0,12.0,10.079181246047625
EleutherAI/pythia-12b-deduped,Pythia-12B-deduped,step143000,143000,299892736000,en,average_en_precomputed,2,58323.47,aSTS,0.2626940727679717,0.030523135529589,40,EleutherAI_pythia-12b-deduped,12000000000.0,12.0,10.079181246047625
EleutherAI/pythia-12b-deduped,Pythia-12B-deduped,step143000,143000,299892736000,en,average_en_precomputed,2,58323.47,pSTS,0.268142829325585,0.0402666537602314,53,EleutherAI_pythia-12b-deduped,12000000000.0,12.0,10.079181246047625
EleutherAI/pythia-12b-deduped,Pythia-12B-deduped,step143000,143000,299892736000,en,average_en_precomputed,3,88092.42,AG_TPJ,0.2697577445228805,0.0595653164643151,56,EleutherAI_pythia-12b-deduped,12000000000.0,12.0,10.079181246047625
EleutherAI/pythia-12b-deduped,Pythia-12B-deduped,step143000,143000,299892736000,en,average_en_precomputed,3,88092.42,BA44,0.3245696750069883,0.0499680962376136,37,EleutherAI_pythia-12b-deduped,12000000000.0,12.0,10.079181246047625
EleutherAI/pythia-12b-deduped,Pythia-12B-deduped,step143000,143000,299892736000,en,average_en_precomputed,3,88092.42,BA45,0.368728530294484,0.064674496222386,50,EleutherAI_pythia-12b-deduped,12000000000.0,12.0,10.079181246047625
EleutherAI/pythia-12b-deduped,Pythia-12B-deduped,step143000,143000,299892736000,en,average_en_precomputed,3,88092.42,BA47,0.3143004739684397,0.0424794603067558,68,EleutherAI_pythia-12b-deduped,12000000000.0,12.0,10.079181246047625
EleutherAI/pythia-12b-deduped,Pythia-12B-deduped,step143000,143000,299892736000,en,average_en_precomputed,3,88092.42,TP,0.3373266245134513,0.0466813782205775,32,EleutherAI_pythia-12b-deduped,12000000000.0,12.0,10.079181246047625
EleutherAI/pythia-12b-deduped,Pythia-12B-deduped,step143000,143000,299892736000,en,average_en_precomputed,3,88092.42,aSTS,0.2858950420939702,0.0284432966571268,40,EleutherAI_pythia-12b-deduped,12000000000.0,12.0,10.079181246047625
EleutherAI/pythia-12b-deduped,Pythia-12B-deduped,step143000,143000,299892736000,en,average_en_precomputed,3,88092.42,pSTS,0.2870521153995795,0.0422111699211228,53,EleutherAI_pythia-12b-deduped,12000000000.0,12.0,10.079181246047625
EleutherAI/pythia-12b-deduped,Pythia-12B-deduped,step143000,143000,299892736000,en,average_en_precomputed,4,94046.21,AG_TPJ,0.2891825568318408,0.0600642593035033,56,EleutherAI_pythia-12b-deduped,12000000000.0,12.0,10.079181246047625
EleutherAI/pythia-12b-deduped,Pythia-12B-deduped,step143000,143000,299892736000,en,average_en_precomputed,4,94046.21,BA44,0.356495623283612,0.0500022510396982,37,EleutherAI_pythia-12b-deduped,12000000000.0,12.0,10.079181246047625
EleutherAI/pythia-12b-deduped,Pythia-12B-deduped,step143000,143000,299892736000,en,average_en_precomputed,4,94046.21,BA45,0.3979753861586869,0.0677189956949668,50,EleutherAI_pythia-12b-deduped,12000000000.0,12.0,10.079181246047625
EleutherAI/pythia-12b-deduped,Pythia-12B-deduped,step143000,143000,299892736000,en,average_en_precomputed,4,94046.21,BA47,0.3465885247832593,0.0433334861051495,68,EleutherAI_pythia-12b-deduped,12000000000.0,12.0,10.079181246047625
EleutherAI/pythia-12b-deduped,Pythia-12B-deduped,step143000,143000,299892736000,en,average_en_precomputed,4,94046.21,TP,0.3566312054857224,0.0458193496802912,32,EleutherAI_pythia-12b-deduped,12000000000.0,12.0,10.079181246047625
EleutherAI/pythia-12b-deduped,Pythia-12B-deduped,step143000,143000,299892736000,en,average_en_precomputed,4,94046.21,aSTS,0.308127597768434,0.0248721333668047,40,EleutherAI_pythia-12b-deduped,12000000000.0,12.0,10.079181246047625
EleutherAI/pythia-12b-deduped,Pythia-12B-deduped,step143000,143000,299892736000,en,average_en_precomputed,4,94046.21,pSTS,0.314720879522438,0.0379570107328971,53,EleutherAI_pythia-12b-deduped,12000000000.0,12.0,10.079181246047625
EleutherAI/pythia-12b-deduped,Pythia-12B-deduped,step143000,143000,299892736000,en,average_en_precomputed,5,88092.42,AG_TPJ,0.3254877024482528,0.0554778926358168,56,EleutherAI_pythia-12b-deduped,12000000000.0,12.0,10.079181246047625
EleutherAI/pythia-12b-deduped,Pythia-12B-deduped,step143000,143000,299892736000,en,average_en_precomputed,5,88092.42,BA44,0.3811393555743662,0.0492143567458327,37,EleutherAI_pythia-12b-deduped,12000000000.0,12.0,10.079181246047625
EleutherAI/pythia-12b-deduped,Pythia-12B-deduped,step143000,143000,299892736000,en,average_en_precomputed,5,88092.42,BA45,0.4215989431015787,0.0674185482993942,50,EleutherAI_pythia-12b-deduped,12000000000.0,12.0,10.079181246047625
EleutherAI/pythia-12b-deduped,Pythia-12B-deduped,step143000,143000,299892736000,en,average_en_precomputed,5,88092.42,BA47,0.3696075621346046,0.0420046863166775,68,EleutherAI_pythia-12b-deduped,12000000000.0,12.0,10.079181246047625
EleutherAI/pythia-12b-deduped,Pythia-12B-deduped,step143000,143000,299892736000,en,average_en_precomputed,5,88092.42,TP,0.3858580704583261,0.0450695242420553,32,EleutherAI_pythia-12b-deduped,12000000000.0,12.0,10.079181246047625
EleutherAI/pythia-12b-deduped,Pythia-12B-deduped,step143000,143000,299892736000,en,average_en_precomputed,5,88092.42,aSTS,0.3472276405320789,0.0233520668544082,40,EleutherAI_pythia-12b-deduped,12000000000.0,12.0,10.079181246047625
EleutherAI/pythia-12b-deduped,Pythia-12B-deduped,step143000,143000,299892736000,en,average_en_precomputed,5,88092.42,pSTS,0.3502828059380728,0.0354491252994154,53,EleutherAI_pythia-12b-deduped,12000000000.0,12.0,10.079181246047625
EleutherAI/pythia-12b-deduped,Pythia-12B-deduped,step143000,143000,299892736000,en,average_en_precomputed,6,58323.47,AG_TPJ,0.3557370264995462,0.0553970621396766,56,EleutherAI_pythia-12b-deduped,12000000000.0,12.0,10.079181246047625
EleutherAI/pythia-12b-deduped,Pythia-12B-deduped,step143000,143000,299892736000,en,average_en_precomputed,6,58323.47,BA44,0.4016767846869724,0.0503932262147358,37,EleutherAI_pythia-12b-deduped,12000000000.0,12.0,10.079181246047625
EleutherAI/pythia-12b-deduped,Pythia-12B-deduped,step143000,143000,299892736000,en,average_en_precomputed,6,58323.47,BA45,0.442072244420197,0.0663704157020459,50,EleutherAI_pythia-12b-deduped,12000000000.0,12.0,10.079181246047625
EleutherAI/pythia-12b-deduped,Pythia-12B-deduped,step143000,143000,299892736000,en,average_en_precomputed,6,58323.47,BA47,0.3867257223364156,0.0409637323690253,68,EleutherAI_pythia-12b-deduped,12000000000.0,12.0,10.079181246047625
EleutherAI/pythia-12b-deduped,Pythia-12B-deduped,step143000,143000,299892736000,en,average_en_precomputed,6,58323.47,TP,0.4013627701430693,0.0457637583014974,32,EleutherAI_pythia-12b-deduped,12000000000.0,12.0,10.079181246047625
EleutherAI/pythia-12b-deduped,Pythia-12B-deduped,step143000,143000,299892736000,en,average_en_precomputed,6,58323.47,aSTS,0.366502084553774,0.0224347180979191,40,EleutherAI_pythia-12b-deduped,12000000000.0,12.0,10.079181246047625
EleutherAI/pythia-12b-deduped,Pythia-12B-deduped,step143000,143000,299892736000,en,average_en_precomputed,6,58323.47,pSTS,0.3780382389723257,0.0372192736251167,53,EleutherAI_pythia-12b-deduped,12000000000.0,12.0,10.079181246047625
EleutherAI/pythia-12b-deduped,Pythia-12B-deduped,step143000,143000,299892736000,en,average_en_precomputed,7,52369.68,AG_TPJ,0.372056797858933,0.0563872607986593,56,EleutherAI_pythia-12b-deduped,12000000000.0,12.0,10.079181246047625
EleutherAI/pythia-12b-deduped,Pythia-12B-deduped,step143000,143000,299892736000,en,average_en_precomputed,7,52369.68,BA44,0.4115618389824163,0.0510838945088837,37,EleutherAI_pythia-12b-deduped,12000000000.0,12.0,10.079181246047625
EleutherAI/pythia-12b-deduped,Pythia-12B-deduped,step143000,143000,299892736000,en,average_en_precomputed,7,52369.68,BA45,0.4510496999541618,0.0662736352980677,50,EleutherAI_pythia-12b-deduped,12000000000.0,12.0,10.079181246047625
EleutherAI/pythia-12b-deduped,Pythia-12B-deduped,step143000,143000,299892736000,en,average_en_precomputed,7,52369.68,BA47,0.3969584507251487,0.0399322003158704,68,EleutherAI_pythia-12b-deduped,12000000000.0,12.0,10.079181246047625
EleutherAI/pythia-12b-deduped,Pythia-12B-deduped,step143000,143000,299892736000,en,average_en_precomputed,7,52369.68,TP,0.4102621662824307,0.0472648992100448,32,EleutherAI_pythia-12b-deduped,12000000000.0,12.0,10.079181246047625
EleutherAI/pythia-12b-deduped,Pythia-12B-deduped,step143000,143000,299892736000,en,average_en_precomputed,7,52369.68,aSTS,0.3741767281158922,0.0234013090925659,40,EleutherAI_pythia-12b-deduped,12000000000.0,12.0,10.079181246047625
EleutherAI/pythia-12b-deduped,Pythia-12B-deduped,step143000,143000,299892736000,en,average_en_precomputed,7,52369.68,pSTS,0.39592205084928,0.0384741596122983,53,EleutherAI_pythia-12b-deduped,12000000000.0,12.0,10.079181246047625
EleutherAI/pythia-12b-deduped,Pythia-12B-deduped,step143000,143000,299892736000,en,average_en_precomputed,8,46415.89,AG_TPJ,0.3992047457817601,0.0540813263336989,56,EleutherAI_pythia-12b-deduped,12000000000.0,12.0,10.079181246047625
EleutherAI/pythia-12b-deduped,Pythia-12B-deduped,step143000,143000,299892736000,en,average_en_precomputed,8,46415.89,BA44,0.4271657593023691,0.048684900265658,37,EleutherAI_pythia-12b-deduped,12000000000.0,12.0,10.079181246047625
EleutherAI/pythia-12b-deduped,Pythia-12B-deduped,step143000,143000,299892736000,en,average_en_precomputed,8,46415.89,BA45,0.4688353270724454,0.0639512362302075,50,EleutherAI_pythia-12b-deduped,12000000000.0,12.0,10.079181246047625
EleutherAI/pythia-12b-deduped,Pythia-12B-deduped,step143000,143000,299892736000,en,average_en_precomputed,8,46415.89,BA47,0.4126457281974987,0.0379609584701523,68,EleutherAI_pythia-12b-deduped,12000000000.0,12.0,10.079181246047625
EleutherAI/pythia-12b-deduped,Pythia-12B-deduped,step143000,143000,299892736000,en,average_en_precomputed,8,46415.89,TP,0.4223886870724274,0.0479191561964119,32,EleutherAI_pythia-12b-deduped,12000000000.0,12.0,10.079181246047625
EleutherAI/pythia-12b-deduped,Pythia-12B-deduped,step143000,143000,299892736000,en,average_en_precomputed,8,46415.89,aSTS,0.3945272867049855,0.0254740853892166,40,EleutherAI_pythia-12b-deduped,12000000000.0,12.0,10.079181246047625
EleutherAI/pythia-12b-deduped,Pythia-12B-deduped,step143000,143000,299892736000,en,average_en_precomputed,8,46415.89,pSTS,0.4140403513980543,0.0395342626277633,53,EleutherAI_pythia-12b-deduped,12000000000.0,12.0,10.079181246047625
EleutherAI/pythia-12b-deduped,Pythia-12B-deduped,step143000,143000,299892736000,en,average_en_precomputed,9,46415.89,AG_TPJ,0.4266267088581204,0.0544430139786911,56,EleutherAI_pythia-12b-deduped,12000000000.0,12.0,10.079181246047625
EleutherAI/pythia-12b-deduped,Pythia-12B-deduped,step143000,143000,299892736000,en,average_en_precomputed,9,46415.89,BA44,0.4353838157826182,0.047808696587272,37,EleutherAI_pythia-12b-deduped,12000000000.0,12.0,10.079181246047625
EleutherAI/pythia-12b-deduped,Pythia-12B-deduped,step143000,143000,299892736000,en,average_en_precomputed,9,46415.89,BA45,0.4852292753370451,0.0590053993452525,50,EleutherAI_pythia-12b-deduped,12000000000.0,12.0,10.079181246047625
EleutherAI/pythia-12b-deduped,Pythia-12B-deduped,step143000,143000,299892736000,en,average_en_precomputed,9,46415.89,BA47,0.4273488353504532,0.0351248300417889,68,EleutherAI_pythia-12b-deduped,12000000000.0,12.0,10.079181246047625
EleutherAI/pythia-12b-deduped,Pythia-12B-deduped,step143000,143000,299892736000,en,average_en_precomputed,9,46415.89,TP,0.4360765621319696,0.0470583310760577,32,EleutherAI_pythia-12b-deduped,12000000000.0,12.0,10.079181246047625
EleutherAI/pythia-12b-deduped,Pythia-12B-deduped,step143000,143000,299892736000,en,average_en_precomputed,9,46415.89,aSTS,0.4117332663727596,0.0284549706536532,40,EleutherAI_pythia-12b-deduped,12000000000.0,12.0,10.079181246047625
EleutherAI/pythia-12b-deduped,Pythia-12B-deduped,step143000,143000,299892736000,en,average_en_precomputed,9,46415.89,pSTS,0.4276971886109307,0.0434558840669049,53,EleutherAI_pythia-12b-deduped,12000000000.0,12.0,10.079181246047625
EleutherAI/pythia-12b-deduped,Pythia-12B-deduped,step143000,143000,299892736000,en,average_en_precomputed,10,46415.89,AG_TPJ,0.4382738381870445,0.0497414028374013,56,EleutherAI_pythia-12b-deduped,12000000000.0,12.0,10.079181246047625
EleutherAI/pythia-12b-deduped,Pythia-12B-deduped,step143000,143000,299892736000,en,average_en_precomputed,10,46415.89,BA44,0.4447183590225697,0.044969751983731,37,EleutherAI_pythia-12b-deduped,12000000000.0,12.0,10.079181246047625
EleutherAI/pythia-12b-deduped,Pythia-12B-deduped,step143000,143000,299892736000,en,average_en_precomputed,10,46415.89,BA45,0.4921507938228934,0.0559635932053117,50,EleutherAI_pythia-12b-deduped,12000000000.0,12.0,10.079181246047625
EleutherAI/pythia-12b-deduped,Pythia-12B-deduped,step143000,143000,299892736000,en,average_en_precomputed,10,46415.89,BA47,0.4334866833892452,0.0344844668823175,68,EleutherAI_pythia-12b-deduped,12000000000.0,12.0,10.079181246047625
EleutherAI/pythia-12b-deduped,Pythia-12B-deduped,step143000,143000,299892736000,en,average_en_precomputed,10,46415.89,TP,0.4473402315176598,0.0474096214722222,32,EleutherAI_pythia-12b-deduped,12000000000.0,12.0,10.079181246047625
EleutherAI/pythia-12b-deduped,Pythia-12B-deduped,step143000,143000,299892736000,en,average_en_precomputed,10,46415.89,aSTS,0.4191393177439938,0.0278235996134642,40,EleutherAI_pythia-12b-deduped,12000000000.0,12.0,10.079181246047625
EleutherAI/pythia-12b-deduped,Pythia-12B-deduped,step143000,143000,299892736000,en,average_en_precomputed,10,46415.89,pSTS,0.4335856577703137,0.0454930336191555,53,EleutherAI_pythia-12b-deduped,12000000000.0,12.0,10.079181246047625
EleutherAI/pythia-12b-deduped,Pythia-12B-deduped,step143000,143000,299892736000,en,average_en_precomputed,11,46415.89,AG_TPJ,0.4476946634409722,0.0449937628733678,56,EleutherAI_pythia-12b-deduped,12000000000.0,12.0,10.079181246047625
EleutherAI/pythia-12b-deduped,Pythia-12B-deduped,step143000,143000,299892736000,en,average_en_precomputed,11,46415.89,BA44,0.4573560128585194,0.0456623968778487,37,EleutherAI_pythia-12b-deduped,12000000000.0,12.0,10.079181246047625
EleutherAI/pythia-12b-deduped,Pythia-12B-deduped,step143000,143000,299892736000,en,average_en_precomputed,11,46415.89,BA45,0.501928506306709,0.0548376052099496,50,EleutherAI_pythia-12b-deduped,12000000000.0,12.0,10.079181246047625
EleutherAI/pythia-12b-deduped,Pythia-12B-deduped,step143000,143000,299892736000,en,average_en_precomputed,11,46415.89,BA47,0.441859758457142,0.0328955989490559,68,EleutherAI_pythia-12b-deduped,12000000000.0,12.0,10.079181246047625
EleutherAI/pythia-12b-deduped,Pythia-12B-deduped,step143000,143000,299892736000,en,average_en_precomputed,11,46415.89,TP,0.452559560536219,0.0485744806583052,32,EleutherAI_pythia-12b-deduped,12000000000.0,12.0,10.079181246047625
EleutherAI/pythia-12b-deduped,Pythia-12B-deduped,step143000,143000,299892736000,en,average_en_precomputed,11,46415.89,aSTS,0.4286943524188498,0.0271853566863726,40,EleutherAI_pythia-12b-deduped,12000000000.0,12.0,10.079181246047625
EleutherAI/pythia-12b-deduped,Pythia-12B-deduped,step143000,143000,299892736000,en,average_en_precomputed,11,46415.89,pSTS,0.4420617220411491,0.0457849652307114,53,EleutherAI_pythia-12b-deduped,12000000000.0,12.0,10.079181246047625
EleutherAI/pythia-12b-deduped,Pythia-12B-deduped,step143000,143000,299892736000,en,average_en_precomputed,12,46415.89,AG_TPJ,0.4471844939952297,0.0438159212016057,56,EleutherAI_pythia-12b-deduped,12000000000.0,12.0,10.079181246047625
EleutherAI/pythia-12b-deduped,Pythia-12B-deduped,step143000,143000,299892736000,en,average_en_precomputed,12,46415.89,BA44,0.4645315665329312,0.0431396528509943,37,EleutherAI_pythia-12b-deduped,12000000000.0,12.0,10.079181246047625
EleutherAI/pythia-12b-deduped,Pythia-12B-deduped,step143000,143000,299892736000,en,average_en_precomputed,12,46415.89,BA45,0.510587374273347,0.0529382054120679,50,EleutherAI_pythia-12b-deduped,12000000000.0,12.0,10.079181246047625
EleutherAI/pythia-12b-deduped,Pythia-12B-deduped,step143000,143000,299892736000,en,average_en_precomputed,12,46415.89,BA47,0.4484388238294433,0.0320491583800102,68,EleutherAI_pythia-12b-deduped,12000000000.0,12.0,10.079181246047625
EleutherAI/pythia-12b-deduped,Pythia-12B-deduped,step143000,143000,299892736000,en,average_en_precomputed,12,46415.89,TP,0.4498393181239737,0.0482164629438915,32,EleutherAI_pythia-12b-deduped,12000000000.0,12.0,10.079181246047625
EleutherAI/pythia-12b-deduped,Pythia-12B-deduped,step143000,143000,299892736000,en,average_en_precomputed,12,46415.89,aSTS,0.4274733294342871,0.0265325925225694,40,EleutherAI_pythia-12b-deduped,12000000000.0,12.0,10.079181246047625
EleutherAI/pythia-12b-deduped,Pythia-12B-deduped,step143000,143000,299892736000,en,average_en_precomputed,12,46415.89,pSTS,0.4443764812282028,0.0467653398773836,53,EleutherAI_pythia-12b-deduped,12000000000.0,12.0,10.079181246047625
EleutherAI/pythia-12b-deduped,Pythia-12B-deduped,step143000,143000,299892736000,en,average_en_precomputed,13,52369.68,AG_TPJ,0.454613148663736,0.0414424952481215,56,EleutherAI_pythia-12b-deduped,12000000000.0,12.0,10.079181246047625
EleutherAI/pythia-12b-deduped,Pythia-12B-deduped,step143000,143000,299892736000,en,average_en_precomputed,13,52369.68,BA44,0.4672302861541533,0.0450946846727896,37,EleutherAI_pythia-12b-deduped,12000000000.0,12.0,10.079181246047625
EleutherAI/pythia-12b-deduped,Pythia-12B-deduped,step143000,143000,299892736000,en,average_en_precomputed,13,52369.68,BA45,0.5135059346746902,0.0524347036681403,50,EleutherAI_pythia-12b-deduped,12000000000.0,12.0,10.079181246047625
EleutherAI/pythia-12b-deduped,Pythia-12B-deduped,step143000,143000,299892736000,en,average_en_precomputed,13,52369.68,BA47,0.4516557416942821,0.0325195579178984,68,EleutherAI_pythia-12b-deduped,12000000000.0,12.0,10.079181246047625
EleutherAI/pythia-12b-deduped,Pythia-12B-deduped,step143000,143000,299892736000,en,average_en_precomputed,13,52369.68,TP,0.4521788096408035,0.0481971515944214,32,EleutherAI_pythia-12b-deduped,12000000000.0,12.0,10.079181246047625
EleutherAI/pythia-12b-deduped,Pythia-12B-deduped,step143000,143000,299892736000,en,average_en_precomputed,13,52369.68,aSTS,0.4286392353488259,0.0260966193797802,40,EleutherAI_pythia-12b-deduped,12000000000.0,12.0,10.079181246047625
EleutherAI/pythia-12b-deduped,Pythia-12B-deduped,step143000,143000,299892736000,en,average_en_precomputed,13,52369.68,pSTS,0.447004318503081,0.0468687429071828,53,EleutherAI_pythia-12b-deduped,12000000000.0,12.0,10.079181246047625
EleutherAI/pythia-12b-deduped,Pythia-12B-deduped,step143000,143000,299892736000,en,average_en_precomputed,14,46415.89,AG_TPJ,0.4696293069381311,0.0421921828560434,56,EleutherAI_pythia-12b-deduped,12000000000.0,12.0,10.079181246047625
EleutherAI/pythia-12b-deduped,Pythia-12B-deduped,step143000,143000,299892736000,en,average_en_precomputed,14,46415.89,BA44,0.4736696587140193,0.044990590192077,37,EleutherAI_pythia-12b-deduped,12000000000.0,12.0,10.079181246047625
EleutherAI/pythia-12b-deduped,Pythia-12B-deduped,step143000,143000,299892736000,en,average_en_precomputed,14,46415.89,BA45,0.521302738858046,0.0520954356690243,50,EleutherAI_pythia-12b-deduped,12000000000.0,12.0,10.079181246047625
EleutherAI/pythia-12b-deduped,Pythia-12B-deduped,step143000,143000,299892736000,en,average_en_precomputed,14,46415.89,BA47,0.45984310603255,0.0300656261352077,68,EleutherAI_pythia-12b-deduped,12000000000.0,12.0,10.079181246047625
EleutherAI/pythia-12b-deduped,Pythia-12B-deduped,step143000,143000,299892736000,en,average_en_precomputed,14,46415.89,TP,0.4560966307721069,0.0483709765116043,32,EleutherAI_pythia-12b-deduped,12000000000.0,12.0,10.079181246047625
EleutherAI/pythia-12b-deduped,Pythia-12B-deduped,step143000,143000,299892736000,en,average_en_precomputed,14,46415.89,aSTS,0.4337416756264162,0.0292249627445726,40,EleutherAI_pythia-12b-deduped,12000000000.0,12.0,10.079181246047625
EleutherAI/pythia-12b-deduped,Pythia-12B-deduped,step143000,143000,299892736000,en,average_en_precomputed,14,46415.89,pSTS,0.4539332157580016,0.0488814426629837,53,EleutherAI_pythia-12b-deduped,12000000000.0,12.0,10.079181246047625
EleutherAI/pythia-12b-deduped,Pythia-12B-deduped,step143000,143000,299892736000,en,average_en_precomputed,15,52369.68,AG_TPJ,0.4750072983235852,0.0400331943520112,56,EleutherAI_pythia-12b-deduped,12000000000.0,12.0,10.079181246047625
EleutherAI/pythia-12b-deduped,Pythia-12B-deduped,step143000,143000,299892736000,en,average_en_precomputed,15,52369.68,BA44,0.474364293748922,0.0446263619502024,37,EleutherAI_pythia-12b-deduped,12000000000.0,12.0,10.079181246047625
EleutherAI/pythia-12b-deduped,Pythia-12B-deduped,step143000,143000,299892736000,en,average_en_precomputed,15,52369.68,BA45,0.5239032443925208,0.0531396496103249,50,EleutherAI_pythia-12b-deduped,12000000000.0,12.0,10.079181246047625
EleutherAI/pythia-12b-deduped,Pythia-12B-deduped,step143000,143000,299892736000,en,average_en_precomputed,15,52369.68,BA47,0.4608959868582523,0.0300708456439186,68,EleutherAI_pythia-12b-deduped,12000000000.0,12.0,10.079181246047625
EleutherAI/pythia-12b-deduped,Pythia-12B-deduped,step143000,143000,299892736000,en,average_en_precomputed,15,52369.68,TP,0.4570063280810421,0.0482610280892636,32,EleutherAI_pythia-12b-deduped,12000000000.0,12.0,10.079181246047625
EleutherAI/pythia-12b-deduped,Pythia-12B-deduped,step143000,143000,299892736000,en,average_en_precomputed,15,52369.68,aSTS,0.4375652699790743,0.0300811812738569,40,EleutherAI_pythia-12b-deduped,12000000000.0,12.0,10.079181246047625
EleutherAI/pythia-12b-deduped,Pythia-12B-deduped,step143000,143000,299892736000,en,average_en_precomputed,15,52369.68,pSTS,0.4525147309071357,0.0486223844005786,53,EleutherAI_pythia-12b-deduped,12000000000.0,12.0,10.079181246047625
EleutherAI/pythia-12b-deduped,Pythia-12B-deduped,step143000,143000,299892736000,en,average_en_precomputed,16,46415.89,AG_TPJ,0.4758428037236242,0.0412028609981074,56,EleutherAI_pythia-12b-deduped,12000000000.0,12.0,10.079181246047625
EleutherAI/pythia-12b-deduped,Pythia-12B-deduped,step143000,143000,299892736000,en,average_en_precomputed,16,46415.89,BA44,0.476129668640329,0.0446849452094617,37,EleutherAI_pythia-12b-deduped,12000000000.0,12.0,10.079181246047625
EleutherAI/pythia-12b-deduped,Pythia-12B-deduped,step143000,143000,299892736000,en,average_en_precomputed,16,46415.89,BA45,0.5264450726911604,0.0526588451417996,50,EleutherAI_pythia-12b-deduped,12000000000.0,12.0,10.079181246047625
EleutherAI/pythia-12b-deduped,Pythia-12B-deduped,step143000,143000,299892736000,en,average_en_precomputed,16,46415.89,BA47,0.4622267539247801,0.029769902116023,68,EleutherAI_pythia-12b-deduped,12000000000.0,12.0,10.079181246047625
EleutherAI/pythia-12b-deduped,Pythia-12B-deduped,step143000,143000,299892736000,en,average_en_precomputed,16,46415.89,TP,0.4591035397125472,0.0488465530551737,32,EleutherAI_pythia-12b-deduped,12000000000.0,12.0,10.079181246047625
EleutherAI/pythia-12b-deduped,Pythia-12B-deduped,step143000,143000,299892736000,en,average_en_precomputed,16,46415.89,aSTS,0.4407596546790702,0.0297787190580889,40,EleutherAI_pythia-12b-deduped,12000000000.0,12.0,10.079181246047625
EleutherAI/pythia-12b-deduped,Pythia-12B-deduped,step143000,143000,299892736000,en,average_en_precomputed,16,46415.89,pSTS,0.456256970730543,0.0496199984770933,53,EleutherAI_pythia-12b-deduped,12000000000.0,12.0,10.079181246047625
EleutherAI/pythia-12b-deduped,Pythia-12B-deduped,step143000,143000,299892736000,en,average_en_precomputed,17,46415.89,AG_TPJ,0.4730318912421211,0.0426407605626754,56,EleutherAI_pythia-12b-deduped,12000000000.0,12.0,10.079181246047625
EleutherAI/pythia-12b-deduped,Pythia-12B-deduped,step143000,143000,299892736000,en,average_en_precomputed,17,46415.89,BA44,0.4785935839127316,0.0429378165358178,37,EleutherAI_pythia-12b-deduped,12000000000.0,12.0,10.079181246047625
EleutherAI/pythia-12b-deduped,Pythia-12B-deduped,step143000,143000,299892736000,en,average_en_precomputed,17,46415.89,BA45,0.5285605238794524,0.051335318815639,50,EleutherAI_pythia-12b-deduped,12000000000.0,12.0,10.079181246047625
EleutherAI/pythia-12b-deduped,Pythia-12B-deduped,step143000,143000,299892736000,en,average_en_precomputed,17,46415.89,BA47,0.4660726662146897,0.0286454486067965,68,EleutherAI_pythia-12b-deduped,12000000000.0,12.0,10.079181246047625
EleutherAI/pythia-12b-deduped,Pythia-12B-deduped,step143000,143000,299892736000,en,average_en_precomputed,17,46415.89,TP,0.4563560203782757,0.0497635095349054,32,EleutherAI_pythia-12b-deduped,12000000000.0,12.0,10.079181246047625
EleutherAI/pythia-12b-deduped,Pythia-12B-deduped,step143000,143000,299892736000,en,average_en_precomputed,17,46415.89,aSTS,0.440975754366224,0.0317770365776581,40,EleutherAI_pythia-12b-deduped,12000000000.0,12.0,10.079181246047625
EleutherAI/pythia-12b-deduped,Pythia-12B-deduped,step143000,143000,299892736000,en,average_en_precomputed,17,46415.89,pSTS,0.4561102447029971,0.0514318884946112,53,EleutherAI_pythia-12b-deduped,12000000000.0,12.0,10.079181246047625
EleutherAI/pythia-12b-deduped,Pythia-12B-deduped,step143000,143000,299892736000,en,average_en_precomputed,18,46415.89,AG_TPJ,0.4682831284833168,0.0415082334369244,56,EleutherAI_pythia-12b-deduped,12000000000.0,12.0,10.079181246047625
EleutherAI/pythia-12b-deduped,Pythia-12B-deduped,step143000,143000,299892736000,en,average_en_precomputed,18,46415.89,BA44,0.4732829185423501,0.0432751813430731,37,EleutherAI_pythia-12b-deduped,12000000000.0,12.0,10.079181246047625
EleutherAI/pythia-12b-deduped,Pythia-12B-deduped,step143000,143000,299892736000,en,average_en_precomputed,18,46415.89,BA45,0.5236796182251479,0.0512452934496322,50,EleutherAI_pythia-12b-deduped,12000000000.0,12.0,10.079181246047625
EleutherAI/pythia-12b-deduped,Pythia-12B-deduped,step143000,143000,299892736000,en,average_en_precomputed,18,46415.89,BA47,0.4587542824012424,0.0287285264378929,68,EleutherAI_pythia-12b-deduped,12000000000.0,12.0,10.079181246047625
EleutherAI/pythia-12b-deduped,Pythia-12B-deduped,step143000,143000,299892736000,en,average_en_precomputed,18,46415.89,TP,0.4535456247630643,0.0493459131190717,32,EleutherAI_pythia-12b-deduped,12000000000.0,12.0,10.079181246047625
EleutherAI/pythia-12b-deduped,Pythia-12B-deduped,step143000,143000,299892736000,en,average_en_precomputed,18,46415.89,aSTS,0.4385008696723975,0.0291738806426339,40,EleutherAI_pythia-12b-deduped,12000000000.0,12.0,10.079181246047625
EleutherAI/pythia-12b-deduped,Pythia-12B-deduped,step143000,143000,299892736000,en,average_en_precomputed,18,46415.89,pSTS,0.4527497896603901,0.0497383868006701,53,EleutherAI_pythia-12b-deduped,12000000000.0,12.0,10.079181246047625
EleutherAI/pythia-12b-deduped,Pythia-12B-deduped,step143000,143000,299892736000,en,average_en_precomputed,19,46415.89,AG_TPJ,0.4625951737020407,0.0425383838489237,56,EleutherAI_pythia-12b-deduped,12000000000.0,12.0,10.079181246047625
EleutherAI/pythia-12b-deduped,Pythia-12B-deduped,step143000,143000,299892736000,en,average_en_precomputed,19,46415.89,BA44,0.4692442258410083,0.0430764425423247,37,EleutherAI_pythia-12b-deduped,12000000000.0,12.0,10.079181246047625
EleutherAI/pythia-12b-deduped,Pythia-12B-deduped,step143000,143000,299892736000,en,average_en_precomputed,19,46415.89,BA45,0.5221694769484806,0.0510723053691453,50,EleutherAI_pythia-12b-deduped,12000000000.0,12.0,10.079181246047625
EleutherAI/pythia-12b-deduped,Pythia-12B-deduped,step143000,143000,299892736000,en,average_en_precomputed,19,46415.89,BA47,0.4562156836552148,0.0296980544778337,68,EleutherAI_pythia-12b-deduped,12000000000.0,12.0,10.079181246047625
EleutherAI/pythia-12b-deduped,Pythia-12B-deduped,step143000,143000,299892736000,en,average_en_precomputed,19,46415.89,TP,0.4495510780313115,0.0491147096734151,32,EleutherAI_pythia-12b-deduped,12000000000.0,12.0,10.079181246047625
EleutherAI/pythia-12b-deduped,Pythia-12B-deduped,step143000,143000,299892736000,en,average_en_precomputed,19,46415.89,aSTS,0.437233307487918,0.0296098099758904,40,EleutherAI_pythia-12b-deduped,12000000000.0,12.0,10.079181246047625
EleutherAI/pythia-12b-deduped,Pythia-12B-deduped,step143000,143000,299892736000,en,average_en_precomputed,19,46415.89,pSTS,0.4472806876100568,0.0495893147492053,53,EleutherAI_pythia-12b-deduped,12000000000.0,12.0,10.079181246047625
EleutherAI/pythia-12b-deduped,Pythia-12B-deduped,step143000,143000,299892736000,en,average_en_precomputed,20,46415.89,AG_TPJ,0.4581758126325844,0.0428617009377849,56,EleutherAI_pythia-12b-deduped,12000000000.0,12.0,10.079181246047625
EleutherAI/pythia-12b-deduped,Pythia-12B-deduped,step143000,143000,299892736000,en,average_en_precomputed,20,46415.89,BA44,0.4674795930153663,0.0423091497838065,37,EleutherAI_pythia-12b-deduped,12000000000.0,12.0,10.079181246047625
EleutherAI/pythia-12b-deduped,Pythia-12B-deduped,step143000,143000,299892736000,en,average_en_precomputed,20,46415.89,BA45,0.517615290000036,0.0531765496991469,50,EleutherAI_pythia-12b-deduped,12000000000.0,12.0,10.079181246047625
EleutherAI/pythia-12b-deduped,Pythia-12B-deduped,step143000,143000,299892736000,en,average_en_precomputed,20,46415.89,BA47,0.451988940052621,0.0298356122412858,68,EleutherAI_pythia-12b-deduped,12000000000.0,12.0,10.079181246047625
EleutherAI/pythia-12b-deduped,Pythia-12B-deduped,step143000,143000,299892736000,en,average_en_precomputed,20,46415.89,TP,0.4435398599992504,0.0501795603319914,32,EleutherAI_pythia-12b-deduped,12000000000.0,12.0,10.079181246047625
EleutherAI/pythia-12b-deduped,Pythia-12B-deduped,step143000,143000,299892736000,en,average_en_precomputed,20,46415.89,aSTS,0.430438179571694,0.0287635981750651,40,EleutherAI_pythia-12b-deduped,12000000000.0,12.0,10.079181246047625
EleutherAI/pythia-12b-deduped,Pythia-12B-deduped,step143000,143000,299892736000,en,average_en_precomputed,20,46415.89,pSTS,0.4427605520508379,0.0479826107946987,53,EleutherAI_pythia-12b-deduped,12000000000.0,12.0,10.079181246047625
EleutherAI/pythia-12b-deduped,Pythia-12B-deduped,step143000,143000,299892736000,en,average_en_precomputed,21,46415.89,AG_TPJ,0.4551733780373259,0.0431646668746527,56,EleutherAI_pythia-12b-deduped,12000000000.0,12.0,10.079181246047625
EleutherAI/pythia-12b-deduped,Pythia-12B-deduped,step143000,143000,299892736000,en,average_en_precomputed,21,46415.89,BA44,0.4643010808713258,0.0421551882454609,37,EleutherAI_pythia-12b-deduped,12000000000.0,12.0,10.079181246047625
EleutherAI/pythia-12b-deduped,Pythia-12B-deduped,step143000,143000,299892736000,en,average_en_precomputed,21,46415.89,BA45,0.5142467733354172,0.0537762003831633,50,EleutherAI_pythia-12b-deduped,12000000000.0,12.0,10.079181246047625
EleutherAI/pythia-12b-deduped,Pythia-12B-deduped,step143000,143000,299892736000,en,average_en_precomputed,21,46415.89,BA47,0.4477832969368859,0.0303695179117833,68,EleutherAI_pythia-12b-deduped,12000000000.0,12.0,10.079181246047625
EleutherAI/pythia-12b-deduped,Pythia-12B-deduped,step143000,143000,299892736000,en,average_en_precomputed,21,46415.89,TP,0.4397301383496884,0.0498617585232743,32,EleutherAI_pythia-12b-deduped,12000000000.0,12.0,10.079181246047625
EleutherAI/pythia-12b-deduped,Pythia-12B-deduped,step143000,143000,299892736000,en,average_en_precomputed,21,46415.89,aSTS,0.4274783790331984,0.0286332321761185,40,EleutherAI_pythia-12b-deduped,12000000000.0,12.0,10.079181246047625
EleutherAI/pythia-12b-deduped,Pythia-12B-deduped,step143000,143000,299892736000,en,average_en_precomputed,21,46415.89,pSTS,0.4375058463960383,0.0483961715101029,53,EleutherAI_pythia-12b-deduped,12000000000.0,12.0,10.079181246047625
EleutherAI/pythia-12b-deduped,Pythia-12B-deduped,step143000,143000,299892736000,en,average_en_precomputed,22,46415.89,AG_TPJ,0.445484223895593,0.0437600725946912,56,EleutherAI_pythia-12b-deduped,12000000000.0,12.0,10.079181246047625
EleutherAI/pythia-12b-deduped,Pythia-12B-deduped,step143000,143000,299892736000,en,average_en_precomputed,22,46415.89,BA44,0.4616271261512653,0.0413505136874079,37,EleutherAI_pythia-12b-deduped,12000000000.0,12.0,10.079181246047625
EleutherAI/pythia-12b-deduped,Pythia-12B-deduped,step143000,143000,299892736000,en,average_en_precomputed,22,46415.89,BA45,0.5101844077196075,0.054738051169387,50,EleutherAI_pythia-12b-deduped,12000000000.0,12.0,10.079181246047625
EleutherAI/pythia-12b-deduped,Pythia-12B-deduped,step143000,143000,299892736000,en,average_en_precomputed,22,46415.89,BA47,0.4435866096576006,0.0309111183772982,68,EleutherAI_pythia-12b-deduped,12000000000.0,12.0,10.079181246047625
EleutherAI/pythia-12b-deduped,Pythia-12B-deduped,step143000,143000,299892736000,en,average_en_precomputed,22,46415.89,TP,0.4351664476346945,0.0503159998051052,32,EleutherAI_pythia-12b-deduped,12000000000.0,12.0,10.079181246047625
EleutherAI/pythia-12b-deduped,Pythia-12B-deduped,step143000,143000,299892736000,en,average_en_precomputed,22,46415.89,aSTS,0.4198086649401024,0.0290726218017323,40,EleutherAI_pythia-12b-deduped,12000000000.0,12.0,10.079181246047625
EleutherAI/pythia-12b-deduped,Pythia-12B-deduped,step143000,143000,299892736000,en,average_en_precomputed,22,46415.89,pSTS,0.4301061136722006,0.047320550532916,53,EleutherAI_pythia-12b-deduped,12000000000.0,12.0,10.079181246047625
EleutherAI/pythia-12b-deduped,Pythia-12B-deduped,step143000,143000,299892736000,en,average_en_precomputed,23,46415.89,AG_TPJ,0.4408354626721071,0.0432591311984266,56,EleutherAI_pythia-12b-deduped,12000000000.0,12.0,10.079181246047625
EleutherAI/pythia-12b-deduped,Pythia-12B-deduped,step143000,143000,299892736000,en,average_en_precomputed,23,46415.89,BA44,0.4551832671520946,0.0416841639545246,37,EleutherAI_pythia-12b-deduped,12000000000.0,12.0,10.079181246047625
EleutherAI/pythia-12b-deduped,Pythia-12B-deduped,step143000,143000,299892736000,en,average_en_precomputed,23,46415.89,BA45,0.506733608627781,0.0551160539839179,50,EleutherAI_pythia-12b-deduped,12000000000.0,12.0,10.079181246047625
EleutherAI/pythia-12b-deduped,Pythia-12B-deduped,step143000,143000,299892736000,en,average_en_precomputed,23,46415.89,BA47,0.4384128178455864,0.0322257837180785,68,EleutherAI_pythia-12b-deduped,12000000000.0,12.0,10.079181246047625
EleutherAI/pythia-12b-deduped,Pythia-12B-deduped,step143000,143000,299892736000,en,average_en_precomputed,23,46415.89,TP,0.4322308561205064,0.0508460930804046,32,EleutherAI_pythia-12b-deduped,12000000000.0,12.0,10.079181246047625
EleutherAI/pythia-12b-deduped,Pythia-12B-deduped,step143000,143000,299892736000,en,average_en_precomputed,23,46415.89,aSTS,0.4160579451649579,0.030280825104014,40,EleutherAI_pythia-12b-deduped,12000000000.0,12.0,10.079181246047625
EleutherAI/pythia-12b-deduped,Pythia-12B-deduped,step143000,143000,299892736000,en,average_en_precomputed,23,46415.89,pSTS,0.4238430709716135,0.0473951929117165,53,EleutherAI_pythia-12b-deduped,12000000000.0,12.0,10.079181246047625
EleutherAI/pythia-12b-deduped,Pythia-12B-deduped,step143000,143000,299892736000,en,average_en_precomputed,24,46415.89,AG_TPJ,0.4358403655116357,0.0438385381117679,56,EleutherAI_pythia-12b-deduped,12000000000.0,12.0,10.079181246047625
EleutherAI/pythia-12b-deduped,Pythia-12B-deduped,step143000,143000,299892736000,en,average_en_precomputed,24,46415.89,BA44,0.4536487194461372,0.0423842027332976,37,EleutherAI_pythia-12b-deduped,12000000000.0,12.0,10.079181246047625
EleutherAI/pythia-12b-deduped,Pythia-12B-deduped,step143000,143000,299892736000,en,average_en_precomputed,24,46415.89,BA45,0.5047249543480261,0.0551002882296039,50,EleutherAI_pythia-12b-deduped,12000000000.0,12.0,10.079181246047625
EleutherAI/pythia-12b-deduped,Pythia-12B-deduped,step143000,143000,299892736000,en,average_en_precomputed,24,46415.89,BA47,0.4357362213848364,0.032341647560518,68,EleutherAI_pythia-12b-deduped,12000000000.0,12.0,10.079181246047625
EleutherAI/pythia-12b-deduped,Pythia-12B-deduped,step143000,143000,299892736000,en,average_en_precomputed,24,46415.89,TP,0.4295159685948047,0.0507481212681384,32,EleutherAI_pythia-12b-deduped,12000000000.0,12.0,10.079181246047625
EleutherAI/pythia-12b-deduped,Pythia-12B-deduped,step143000,143000,299892736000,en,average_en_precomputed,24,46415.89,aSTS,0.4143330431619135,0.0286588332233928,40,EleutherAI_pythia-12b-deduped,12000000000.0,12.0,10.079181246047625
EleutherAI/pythia-12b-deduped,Pythia-12B-deduped,step143000,143000,299892736000,en,average_en_precomputed,24,46415.89,pSTS,0.4234113309784336,0.0475704938936615,53,EleutherAI_pythia-12b-deduped,12000000000.0,12.0,10.079181246047625
EleutherAI/pythia-12b-deduped,Pythia-12B-deduped,step143000,143000,299892736000,en,average_en_precomputed,25,46415.89,AG_TPJ,0.4312254686423172,0.0437852488342219,56,EleutherAI_pythia-12b-deduped,12000000000.0,12.0,10.079181246047625
EleutherAI/pythia-12b-deduped,Pythia-12B-deduped,step143000,143000,299892736000,en,average_en_precomputed,25,46415.89,BA44,0.4522963674752193,0.0419140092199381,37,EleutherAI_pythia-12b-deduped,12000000000.0,12.0,10.079181246047625
EleutherAI/pythia-12b-deduped,Pythia-12B-deduped,step143000,143000,299892736000,en,average_en_precomputed,25,46415.89,BA45,0.5032217738834333,0.0549390181056926,50,EleutherAI_pythia-12b-deduped,12000000000.0,12.0,10.079181246047625
EleutherAI/pythia-12b-deduped,Pythia-12B-deduped,step143000,143000,299892736000,en,average_en_precomputed,25,46415.89,BA47,0.4332098279366875,0.0325579557520323,68,EleutherAI_pythia-12b-deduped,12000000000.0,12.0,10.079181246047625
EleutherAI/pythia-12b-deduped,Pythia-12B-deduped,step143000,143000,299892736000,en,average_en_precomputed,25,46415.89,TP,0.4281050936507701,0.0505960493409625,32,EleutherAI_pythia-12b-deduped,12000000000.0,12.0,10.079181246047625
EleutherAI/pythia-12b-deduped,Pythia-12B-deduped,step143000,143000,299892736000,en,average_en_precomputed,25,46415.89,aSTS,0.4128912640600459,0.0288848191722703,40,EleutherAI_pythia-12b-deduped,12000000000.0,12.0,10.079181246047625
EleutherAI/pythia-12b-deduped,Pythia-12B-deduped,step143000,143000,299892736000,en,average_en_precomputed,25,46415.89,pSTS,0.4212461502713024,0.047527626446142,53,EleutherAI_pythia-12b-deduped,12000000000.0,12.0,10.079181246047625
EleutherAI/pythia-12b-deduped,Pythia-12B-deduped,step143000,143000,299892736000,en,average_en_precomputed,26,46415.89,AG_TPJ,0.4265888228517981,0.0451358533050992,56,EleutherAI_pythia-12b-deduped,12000000000.0,12.0,10.079181246047625
EleutherAI/pythia-12b-deduped,Pythia-12B-deduped,step143000,143000,299892736000,en,average_en_precomputed,26,46415.89,BA44,0.4479445898003109,0.0420259655377443,37,EleutherAI_pythia-12b-deduped,12000000000.0,12.0,10.079181246047625
EleutherAI/pythia-12b-deduped,Pythia-12B-deduped,step143000,143000,299892736000,en,average_en_precomputed,26,46415.89,BA45,0.4987708731498179,0.0552030886221226,50,EleutherAI_pythia-12b-deduped,12000000000.0,12.0,10.079181246047625
EleutherAI/pythia-12b-deduped,Pythia-12B-deduped,step143000,143000,299892736000,en,average_en_precomputed,26,46415.89,BA47,0.4274934591042783,0.0333725897746857,68,EleutherAI_pythia-12b-deduped,12000000000.0,12.0,10.079181246047625
EleutherAI/pythia-12b-deduped,Pythia-12B-deduped,step143000,143000,299892736000,en,average_en_precomputed,26,46415.89,TP,0.4246785611778555,0.0501318021754324,32,EleutherAI_pythia-12b-deduped,12000000000.0,12.0,10.079181246047625
EleutherAI/pythia-12b-deduped,Pythia-12B-deduped,step143000,143000,299892736000,en,average_en_precomputed,26,46415.89,aSTS,0.4102215782707064,0.0293769214101252,40,EleutherAI_pythia-12b-deduped,12000000000.0,12.0,10.079181246047625
EleutherAI/pythia-12b-deduped,Pythia-12B-deduped,step143000,143000,299892736000,en,average_en_precomputed,26,46415.89,pSTS,0.415293949188693,0.0471900463298472,53,EleutherAI_pythia-12b-deduped,12000000000.0,12.0,10.079181246047625
EleutherAI/pythia-12b-deduped,Pythia-12B-deduped,step143000,143000,299892736000,en,average_en_precomputed,27,46415.89,AG_TPJ,0.4192486011068728,0.0461731131212793,56,EleutherAI_pythia-12b-deduped,12000000000.0,12.0,10.079181246047625
EleutherAI/pythia-12b-deduped,Pythia-12B-deduped,step143000,143000,299892736000,en,average_en_precomputed,27,46415.89,BA44,0.4446525364344191,0.0423291743299715,37,EleutherAI_pythia-12b-deduped,12000000000.0,12.0,10.079181246047625
EleutherAI/pythia-12b-deduped,Pythia-12B-deduped,step143000,143000,299892736000,en,average_en_precomputed,27,46415.89,BA45,0.4937679456347901,0.0558657925457022,50,EleutherAI_pythia-12b-deduped,12000000000.0,12.0,10.079181246047625
EleutherAI/pythia-12b-deduped,Pythia-12B-deduped,step143000,143000,299892736000,en,average_en_precomputed,27,46415.89,BA47,0.4238354193954516,0.0337414076398474,68,EleutherAI_pythia-12b-deduped,12000000000.0,12.0,10.079181246047625
EleutherAI/pythia-12b-deduped,Pythia-12B-deduped,step143000,143000,299892736000,en,average_en_precomputed,27,46415.89,TP,0.4209539901398657,0.0505430221987421,32,EleutherAI_pythia-12b-deduped,12000000000.0,12.0,10.079181246047625
EleutherAI/pythia-12b-deduped,Pythia-12B-deduped,step143000,143000,299892736000,en,average_en_precomputed,27,46415.89,aSTS,0.4028362070976908,0.0299293749303426,40,EleutherAI_pythia-12b-deduped,12000000000.0,12.0,10.079181246047625
EleutherAI/pythia-12b-deduped,Pythia-12B-deduped,step143000,143000,299892736000,en,average_en_precomputed,27,46415.89,pSTS,0.4089676596357144,0.0481182730314413,53,EleutherAI_pythia-12b-deduped,12000000000.0,12.0,10.079181246047625
EleutherAI/pythia-12b-deduped,Pythia-12B-deduped,step143000,143000,299892736000,en,average_en_precomputed,28,46415.89,AG_TPJ,0.4150318158056671,0.0470937117889874,56,EleutherAI_pythia-12b-deduped,12000000000.0,12.0,10.079181246047625
EleutherAI/pythia-12b-deduped,Pythia-12B-deduped,step143000,143000,299892736000,en,average_en_precomputed,28,46415.89,BA44,0.4413275164513083,0.042370812626754,37,EleutherAI_pythia-12b-deduped,12000000000.0,12.0,10.079181246047625
EleutherAI/pythia-12b-deduped,Pythia-12B-deduped,step143000,143000,299892736000,en,average_en_precomputed,28,46415.89,BA45,0.4909041904391802,0.0560544290301729,50,EleutherAI_pythia-12b-deduped,12000000000.0,12.0,10.079181246047625
EleutherAI/pythia-12b-deduped,Pythia-12B-deduped,step143000,143000,299892736000,en,average_en_precomputed,28,46415.89,BA47,0.4204471742217429,0.0343909130917149,68,EleutherAI_pythia-12b-deduped,12000000000.0,12.0,10.079181246047625
EleutherAI/pythia-12b-deduped,Pythia-12B-deduped,step143000,143000,299892736000,en,average_en_precomputed,28,46415.89,TP,0.4206356212116194,0.0500680148670964,32,EleutherAI_pythia-12b-deduped,12000000000.0,12.0,10.079181246047625
EleutherAI/pythia-12b-deduped,Pythia-12B-deduped,step143000,143000,299892736000,en,average_en_precomputed,28,46415.89,aSTS,0.4006524107539034,0.0314206668676645,40,EleutherAI_pythia-12b-deduped,12000000000.0,12.0,10.079181246047625
EleutherAI/pythia-12b-deduped,Pythia-12B-deduped,step143000,143000,299892736000,en,average_en_precomputed,28,46415.89,pSTS,0.4058537544372915,0.048658990568506,53,EleutherAI_pythia-12b-deduped,12000000000.0,12.0,10.079181246047625
EleutherAI/pythia-12b-deduped,Pythia-12B-deduped,step143000,143000,299892736000,en,average_en_precomputed,29,46415.89,AG_TPJ,0.4081369075808253,0.0492534423763645,56,EleutherAI_pythia-12b-deduped,12000000000.0,12.0,10.079181246047625
EleutherAI/pythia-12b-deduped,Pythia-12B-deduped,step143000,143000,299892736000,en,average_en_precomputed,29,46415.89,BA44,0.436485877077529,0.0428352212749809,37,EleutherAI_pythia-12b-deduped,12000000000.0,12.0,10.079181246047625
EleutherAI/pythia-12b-deduped,Pythia-12B-deduped,step143000,143000,299892736000,en,average_en_precomputed,29,46415.89,BA45,0.4858752108613307,0.056049339827389,50,EleutherAI_pythia-12b-deduped,12000000000.0,12.0,10.079181246047625
EleutherAI/pythia-12b-deduped,Pythia-12B-deduped,step143000,143000,299892736000,en,average_en_precomputed,29,46415.89,BA47,0.415721332624641,0.034616505556241,68,EleutherAI_pythia-12b-deduped,12000000000.0,12.0,10.079181246047625
EleutherAI/pythia-12b-deduped,Pythia-12B-deduped,step143000,143000,299892736000,en,average_en_precomputed,29,46415.89,TP,0.4171882219727065,0.050227102281064,32,EleutherAI_pythia-12b-deduped,12000000000.0,12.0,10.079181246047625
EleutherAI/pythia-12b-deduped,Pythia-12B-deduped,step143000,143000,299892736000,en,average_en_precomputed,29,46415.89,aSTS,0.3953078238074105,0.0322564104771174,40,EleutherAI_pythia-12b-deduped,12000000000.0,12.0,10.079181246047625
EleutherAI/pythia-12b-deduped,Pythia-12B-deduped,step143000,143000,299892736000,en,average_en_precomputed,29,46415.89,pSTS,0.4004030021643026,0.0499890434375254,53,EleutherAI_pythia-12b-deduped,12000000000.0,12.0,10.079181246047625
EleutherAI/pythia-12b-deduped,Pythia-12B-deduped,step143000,143000,299892736000,en,average_en_precomputed,30,46415.89,AG_TPJ,0.4027893379434649,0.0489199813516528,56,EleutherAI_pythia-12b-deduped,12000000000.0,12.0,10.079181246047625
EleutherAI/pythia-12b-deduped,Pythia-12B-deduped,step143000,143000,299892736000,en,average_en_precomputed,30,46415.89,BA44,0.4329390717740726,0.042934897695109,37,EleutherAI_pythia-12b-deduped,12000000000.0,12.0,10.079181246047625
EleutherAI/pythia-12b-deduped,Pythia-12B-deduped,step143000,143000,299892736000,en,average_en_precomputed,30,46415.89,BA45,0.4818374961970063,0.056260714434473,50,EleutherAI_pythia-12b-deduped,12000000000.0,12.0,10.079181246047625
EleutherAI/pythia-12b-deduped,Pythia-12B-deduped,step143000,143000,299892736000,en,average_en_precomputed,30,46415.89,BA47,0.4122243873192942,0.034637381088486,68,EleutherAI_pythia-12b-deduped,12000000000.0,12.0,10.079181246047625
EleutherAI/pythia-12b-deduped,Pythia-12B-deduped,step143000,143000,299892736000,en,average_en_precomputed,30,46415.89,TP,0.4147518545746892,0.0499878945773343,32,EleutherAI_pythia-12b-deduped,12000000000.0,12.0,10.079181246047625
EleutherAI/pythia-12b-deduped,Pythia-12B-deduped,step143000,143000,299892736000,en,average_en_precomputed,30,46415.89,aSTS,0.391108695330708,0.0323264582808712,40,EleutherAI_pythia-12b-deduped,12000000000.0,12.0,10.079181246047625
EleutherAI/pythia-12b-deduped,Pythia-12B-deduped,step143000,143000,299892736000,en,average_en_precomputed,30,46415.89,pSTS,0.3962055637849555,0.050147685534071,53,EleutherAI_pythia-12b-deduped,12000000000.0,12.0,10.079181246047625
EleutherAI/pythia-12b-deduped,Pythia-12B-deduped,step143000,143000,299892736000,en,average_en_precomputed,31,46415.89,AG_TPJ,0.3995793173508312,0.0492870579924754,56,EleutherAI_pythia-12b-deduped,12000000000.0,12.0,10.079181246047625
EleutherAI/pythia-12b-deduped,Pythia-12B-deduped,step143000,143000,299892736000,en,average_en_precomputed,31,46415.89,BA44,0.4323743942334729,0.042619738905857,37,EleutherAI_pythia-12b-deduped,12000000000.0,12.0,10.079181246047625
EleutherAI/pythia-12b-deduped,Pythia-12B-deduped,step143000,143000,299892736000,en,average_en_precomputed,31,46415.89,BA45,0.4806756518622477,0.0561585224793683,50,EleutherAI_pythia-12b-deduped,12000000000.0,12.0,10.079181246047625
EleutherAI/pythia-12b-deduped,Pythia-12B-deduped,step143000,143000,299892736000,en,average_en_precomputed,31,46415.89,BA47,0.4094981642014519,0.0351903868263982,68,EleutherAI_pythia-12b-deduped,12000000000.0,12.0,10.079181246047625
EleutherAI/pythia-12b-deduped,Pythia-12B-deduped,step143000,143000,299892736000,en,average_en_precomputed,31,46415.89,TP,0.4145447085495684,0.0495800910036575,32,EleutherAI_pythia-12b-deduped,12000000000.0,12.0,10.079181246047625
EleutherAI/pythia-12b-deduped,Pythia-12B-deduped,step143000,143000,299892736000,en,average_en_precomputed,31,46415.89,aSTS,0.3900084657063857,0.0314570034356495,40,EleutherAI_pythia-12b-deduped,12000000000.0,12.0,10.079181246047625
EleutherAI/pythia-12b-deduped,Pythia-12B-deduped,step143000,143000,299892736000,en,average_en_precomputed,31,46415.89,pSTS,0.3943675078999403,0.0500373803389748,53,EleutherAI_pythia-12b-deduped,12000000000.0,12.0,10.079181246047625
EleutherAI/pythia-12b-deduped,Pythia-12B-deduped,step143000,143000,299892736000,en,average_en_precomputed,32,46415.89,AG_TPJ,0.3954033806175005,0.0485489017703456,56,EleutherAI_pythia-12b-deduped,12000000000.0,12.0,10.079181246047625
EleutherAI/pythia-12b-deduped,Pythia-12B-deduped,step143000,143000,299892736000,en,average_en_precomputed,32,46415.89,BA44,0.4319161334759863,0.0425901220351709,37,EleutherAI_pythia-12b-deduped,12000000000.0,12.0,10.079181246047625
EleutherAI/pythia-12b-deduped,Pythia-12B-deduped,step143000,143000,299892736000,en,average_en_precomputed,32,46415.89,BA45,0.4800814501920076,0.0558468239487217,50,EleutherAI_pythia-12b-deduped,12000000000.0,12.0,10.079181246047625
EleutherAI/pythia-12b-deduped,Pythia-12B-deduped,step143000,143000,299892736000,en,average_en_precomputed,32,46415.89,BA47,0.4083782000171634,0.0355221606403306,68,EleutherAI_pythia-12b-deduped,12000000000.0,12.0,10.079181246047625
EleutherAI/pythia-12b-deduped,Pythia-12B-deduped,step143000,143000,299892736000,en,average_en_precomputed,32,46415.89,TP,0.4129433765541258,0.0489369156237235,32,EleutherAI_pythia-12b-deduped,12000000000.0,12.0,10.079181246047625
EleutherAI/pythia-12b-deduped,Pythia-12B-deduped,step143000,143000,299892736000,en,average_en_precomputed,32,46415.89,aSTS,0.3877347723797027,0.0310528054900798,40,EleutherAI_pythia-12b-deduped,12000000000.0,12.0,10.079181246047625
EleutherAI/pythia-12b-deduped,Pythia-12B-deduped,step143000,143000,299892736000,en,average_en_precomputed,32,46415.89,pSTS,0.3922348513120743,0.0503150530223307,53,EleutherAI_pythia-12b-deduped,12000000000.0,12.0,10.079181246047625
EleutherAI/pythia-12b-deduped,Pythia-12B-deduped,step143000,143000,299892736000,en,average_en_precomputed,33,46415.89,AG_TPJ,0.3916442447189888,0.0489746213158302,56,EleutherAI_pythia-12b-deduped,12000000000.0,12.0,10.079181246047625
EleutherAI/pythia-12b-deduped,Pythia-12B-deduped,step143000,143000,299892736000,en,average_en_precomputed,33,46415.89,BA44,0.4307470641617303,0.0425542590663044,37,EleutherAI_pythia-12b-deduped,12000000000.0,12.0,10.079181246047625
EleutherAI/pythia-12b-deduped,Pythia-12B-deduped,step143000,143000,299892736000,en,average_en_precomputed,33,46415.89,BA45,0.4774748214808876,0.0562074188933308,50,EleutherAI_pythia-12b-deduped,12000000000.0,12.0,10.079181246047625
EleutherAI/pythia-12b-deduped,Pythia-12B-deduped,step143000,143000,299892736000,en,average_en_precomputed,33,46415.89,BA47,0.4066843950208644,0.0352217374474418,68,EleutherAI_pythia-12b-deduped,12000000000.0,12.0,10.079181246047625
EleutherAI/pythia-12b-deduped,Pythia-12B-deduped,step143000,143000,299892736000,en,average_en_precomputed,33,46415.89,TP,0.4122866831603889,0.0484237105619528,32,EleutherAI_pythia-12b-deduped,12000000000.0,12.0,10.079181246047625
EleutherAI/pythia-12b-deduped,Pythia-12B-deduped,step143000,143000,299892736000,en,average_en_precomputed,33,46415.89,aSTS,0.3834350404720084,0.0315911884189275,40,EleutherAI_pythia-12b-deduped,12000000000.0,12.0,10.079181246047625
EleutherAI/pythia-12b-deduped,Pythia-12B-deduped,step143000,143000,299892736000,en,average_en_precomputed,33,46415.89,pSTS,0.3878593282700476,0.0510542120867368,53,EleutherAI_pythia-12b-deduped,12000000000.0,12.0,10.079181246047625
EleutherAI/pythia-12b-deduped,Pythia-12B-deduped,step143000,143000,299892736000,en,average_en_precomputed,34,43652.38555555555,AG_TPJ,0.3886750776482146,0.0488468278681269,56,EleutherAI_pythia-12b-deduped,12000000000.0,12.0,10.079181246047625
EleutherAI/pythia-12b-deduped,Pythia-12B-deduped,step143000,143000,299892736000,en,average_en_precomputed,34,43652.38555555555,BA44,0.4281019149990113,0.0421246413979666,37,EleutherAI_pythia-12b-deduped,12000000000.0,12.0,10.079181246047625
EleutherAI/pythia-12b-deduped,Pythia-12B-deduped,step143000,143000,299892736000,en,average_en_precomputed,34,43652.38555555555,BA45,0.4758166837894423,0.0558389665019938,50,EleutherAI_pythia-12b-deduped,12000000000.0,12.0,10.079181246047625
EleutherAI/pythia-12b-deduped,Pythia-12B-deduped,step143000,143000,299892736000,en,average_en_precomputed,34,43652.38555555555,BA47,0.4058997961718157,0.0355045636464594,68,EleutherAI_pythia-12b-deduped,12000000000.0,12.0,10.079181246047625
EleutherAI/pythia-12b-deduped,Pythia-12B-deduped,step143000,143000,299892736000,en,average_en_precomputed,34,43652.38555555555,TP,0.4111478754072147,0.0481280059602222,32,EleutherAI_pythia-12b-deduped,12000000000.0,12.0,10.079181246047625
EleutherAI/pythia-12b-deduped,Pythia-12B-deduped,step143000,143000,299892736000,en,average_en_precomputed,34,43652.38555555555,aSTS,0.3799997481785913,0.0315486440092489,40,EleutherAI_pythia-12b-deduped,12000000000.0,12.0,10.079181246047625
EleutherAI/pythia-12b-deduped,Pythia-12B-deduped,step143000,143000,299892736000,en,average_en_precomputed,34,43652.38555555555,pSTS,0.3850344170314725,0.0530888372143368,53,EleutherAI_pythia-12b-deduped,12000000000.0,12.0,10.079181246047625
EleutherAI/pythia-12b-deduped,Pythia-12B-deduped,step143000,143000,299892736000,en,average_en_precomputed,35,43652.38555555555,AG_TPJ,0.3851846368704653,0.0476859624703682,56,EleutherAI_pythia-12b-deduped,12000000000.0,12.0,10.079181246047625
EleutherAI/pythia-12b-deduped,Pythia-12B-deduped,step143000,143000,299892736000,en,average_en_precomputed,35,43652.38555555555,BA44,0.4260119379707268,0.0419818860186026,37,EleutherAI_pythia-12b-deduped,12000000000.0,12.0,10.079181246047625
EleutherAI/pythia-12b-deduped,Pythia-12B-deduped,step143000,143000,299892736000,en,average_en_precomputed,35,43652.38555555555,BA45,0.4737785166054075,0.0555522708831729,50,EleutherAI_pythia-12b-deduped,12000000000.0,12.0,10.079181246047625
EleutherAI/pythia-12b-deduped,Pythia-12B-deduped,step143000,143000,299892736000,en,average_en_precomputed,35,43652.38555555555,BA47,0.4037659292434972,0.0356445143286185,68,EleutherAI_pythia-12b-deduped,12000000000.0,12.0,10.079181246047625
EleutherAI/pythia-12b-deduped,Pythia-12B-deduped,step143000,143000,299892736000,en,average_en_precomputed,35,43652.38555555555,TP,0.4085410657040628,0.0479425706132808,32,EleutherAI_pythia-12b-deduped,12000000000.0,12.0,10.079181246047625
EleutherAI/pythia-12b-deduped,Pythia-12B-deduped,step143000,143000,299892736000,en,average_en_precomputed,35,43652.38555555555,aSTS,0.3775107862757311,0.0320403451887453,40,EleutherAI_pythia-12b-deduped,12000000000.0,12.0,10.079181246047625
EleutherAI/pythia-12b-deduped,Pythia-12B-deduped,step143000,143000,299892736000,en,average_en_precomputed,35,43652.38555555555,pSTS,0.3833635599519406,0.0527290759709765,53,EleutherAI_pythia-12b-deduped,12000000000.0,12.0,10.079181246047625
EleutherAI/pythia-12b-deduped,Pythia-12B-deduped,step143000,143000,299892736000,en,average_en_precomputed,36,43652.38555555555,AG_TPJ,0.3731192805471945,0.0500988475608829,56,EleutherAI_pythia-12b-deduped,12000000000.0,12.0,10.079181246047625
EleutherAI/pythia-12b-deduped,Pythia-12B-deduped,step143000,143000,299892736000,en,average_en_precomputed,36,43652.38555555555,BA44,0.422379331050174,0.0416138274191819,37,EleutherAI_pythia-12b-deduped,12000000000.0,12.0,10.079181246047625
EleutherAI/pythia-12b-deduped,Pythia-12B-deduped,step143000,143000,299892736000,en,average_en_precomputed,36,43652.38555555555,BA45,0.4698559396333832,0.0566172779103473,50,EleutherAI_pythia-12b-deduped,12000000000.0,12.0,10.079181246047625
EleutherAI/pythia-12b-deduped,Pythia-12B-deduped,step143000,143000,299892736000,en,average_en_precomputed,36,43652.38555555555,BA47,0.3997777676522679,0.0375947120760355,68,EleutherAI_pythia-12b-deduped,12000000000.0,12.0,10.079181246047625
EleutherAI/pythia-12b-deduped,Pythia-12B-deduped,step143000,143000,299892736000,en,average_en_precomputed,36,43652.38555555555,TP,0.4041480839815086,0.0477983379005728,32,EleutherAI_pythia-12b-deduped,12000000000.0,12.0,10.079181246047625
EleutherAI/pythia-12b-deduped,Pythia-12B-deduped,step143000,143000,299892736000,en,average_en_precomputed,36,43652.38555555555,aSTS,0.3689211208206665,0.0295279891107511,40,EleutherAI_pythia-12b-deduped,12000000000.0,12.0,10.079181246047625
EleutherAI/pythia-12b-deduped,Pythia-12B-deduped,step143000,143000,299892736000,en,average_en_precomputed,36,43652.38555555555,pSTS,0.3798757475251448,0.0495516776438514,53,EleutherAI_pythia-12b-deduped,12000000000.0,12.0,10.079181246047625
EleutherAI/pythia-12b-deduped,Pythia-12B-deduped,step32000,32000,67108864000,en,average_en_precomputed,0,82138.63,AG_TPJ,0.1951047645071238,0.0526905122449786,56,EleutherAI_pythia-12b-deduped,12000000000.0,12.0,10.079181246047625
EleutherAI/pythia-12b-deduped,Pythia-12B-deduped,step32000,32000,67108864000,en,average_en_precomputed,0,82138.63,BA44,0.2333742290288535,0.0462633787436412,37,EleutherAI_pythia-12b-deduped,12000000000.0,12.0,10.079181246047625
EleutherAI/pythia-12b-deduped,Pythia-12B-deduped,step32000,32000,67108864000,en,average_en_precomputed,0,82138.63,BA45,0.2701943844528052,0.0609831826738522,50,EleutherAI_pythia-12b-deduped,12000000000.0,12.0,10.079181246047625
EleutherAI/pythia-12b-deduped,Pythia-12B-deduped,step32000,32000,67108864000,en,average_en_precomputed,0,82138.63,BA47,0.2238906976139089,0.0447562235184927,68,EleutherAI_pythia-12b-deduped,12000000000.0,12.0,10.079181246047625
EleutherAI/pythia-12b-deduped,Pythia-12B-deduped,step32000,32000,67108864000,en,average_en_precomputed,0,82138.63,TP,0.2564293390886304,0.0438372976129348,32,EleutherAI_pythia-12b-deduped,12000000000.0,12.0,10.079181246047625
EleutherAI/pythia-12b-deduped,Pythia-12B-deduped,step32000,32000,67108864000,en,average_en_precomputed,0,82138.63,aSTS,0.1686448677192557,0.0421010058507805,40,EleutherAI_pythia-12b-deduped,12000000000.0,12.0,10.079181246047625
EleutherAI/pythia-12b-deduped,Pythia-12B-deduped,step32000,32000,67108864000,en,average_en_precomputed,0,82138.63,pSTS,0.2013059172991237,0.0479871003316879,53,EleutherAI_pythia-12b-deduped,12000000000.0,12.0,10.079181246047625
EleutherAI/pythia-12b-deduped,Pythia-12B-deduped,step32000,32000,67108864000,en,average_en_precomputed,1,49606.17555555556,AG_TPJ,0.2104449043349936,0.0498574083247738,56,EleutherAI_pythia-12b-deduped,12000000000.0,12.0,10.079181246047625
EleutherAI/pythia-12b-deduped,Pythia-12B-deduped,step32000,32000,67108864000,en,average_en_precomputed,1,49606.17555555556,BA44,0.2653554979491068,0.0468456655067984,37,EleutherAI_pythia-12b-deduped,12000000000.0,12.0,10.079181246047625
EleutherAI/pythia-12b-deduped,Pythia-12B-deduped,step32000,32000,67108864000,en,average_en_precomputed,1,49606.17555555556,BA45,0.3204917082793768,0.0611445232794416,50,EleutherAI_pythia-12b-deduped,12000000000.0,12.0,10.079181246047625
EleutherAI/pythia-12b-deduped,Pythia-12B-deduped,step32000,32000,67108864000,en,average_en_precomputed,1,49606.17555555556,BA47,0.245956604203879,0.050406916042337,68,EleutherAI_pythia-12b-deduped,12000000000.0,12.0,10.079181246047625
EleutherAI/pythia-12b-deduped,Pythia-12B-deduped,step32000,32000,67108864000,en,average_en_precomputed,1,49606.17555555556,TP,0.2808129026328758,0.0463868662948318,32,EleutherAI_pythia-12b-deduped,12000000000.0,12.0,10.079181246047625
EleutherAI/pythia-12b-deduped,Pythia-12B-deduped,step32000,32000,67108864000,en,average_en_precomputed,1,49606.17555555556,aSTS,0.2150652586131648,0.031185188710147,40,EleutherAI_pythia-12b-deduped,12000000000.0,12.0,10.079181246047625
EleutherAI/pythia-12b-deduped,Pythia-12B-deduped,step32000,32000,67108864000,en,average_en_precomputed,1,49606.17555555556,pSTS,0.2340820343756113,0.0424446572668548,53,EleutherAI_pythia-12b-deduped,12000000000.0,12.0,10.079181246047625
EleutherAI/pythia-12b-deduped,Pythia-12B-deduped,step32000,32000,67108864000,en,average_en_precomputed,2,76184.84000000001,AG_TPJ,0.2316037833332012,0.0534685617588635,56,EleutherAI_pythia-12b-deduped,12000000000.0,12.0,10.079181246047625
EleutherAI/pythia-12b-deduped,Pythia-12B-deduped,step32000,32000,67108864000,en,average_en_precomputed,2,76184.84000000001,BA44,0.2910968036184657,0.0490940982292979,37,EleutherAI_pythia-12b-deduped,12000000000.0,12.0,10.079181246047625
EleutherAI/pythia-12b-deduped,Pythia-12B-deduped,step32000,32000,67108864000,en,average_en_precomputed,2,76184.84000000001,BA45,0.3450510529247645,0.0603043169810734,50,EleutherAI_pythia-12b-deduped,12000000000.0,12.0,10.079181246047625
EleutherAI/pythia-12b-deduped,Pythia-12B-deduped,step32000,32000,67108864000,en,average_en_precomputed,2,76184.84000000001,BA47,0.2789613343592456,0.0442956804488267,68,EleutherAI_pythia-12b-deduped,12000000000.0,12.0,10.079181246047625
EleutherAI/pythia-12b-deduped,Pythia-12B-deduped,step32000,32000,67108864000,en,average_en_precomputed,2,76184.84000000001,TP,0.3173569531709945,0.046814559724101,32,EleutherAI_pythia-12b-deduped,12000000000.0,12.0,10.079181246047625
EleutherAI/pythia-12b-deduped,Pythia-12B-deduped,step32000,32000,67108864000,en,average_en_precomputed,2,76184.84000000001,aSTS,0.2476531497700023,0.0322990395671125,40,EleutherAI_pythia-12b-deduped,12000000000.0,12.0,10.079181246047625
EleutherAI/pythia-12b-deduped,Pythia-12B-deduped,step32000,32000,67108864000,en,average_en_precomputed,2,76184.84000000001,pSTS,0.2631847262001692,0.0433701636060282,53,EleutherAI_pythia-12b-deduped,12000000000.0,12.0,10.079181246047625
EleutherAI/pythia-12b-deduped,Pythia-12B-deduped,step32000,32000,67108864000,en,average_en_precomputed,3,88092.42,AG_TPJ,0.2701554652220501,0.0581929167551694,56,EleutherAI_pythia-12b-deduped,12000000000.0,12.0,10.079181246047625
EleutherAI/pythia-12b-deduped,Pythia-12B-deduped,step32000,32000,67108864000,en,average_en_precomputed,3,88092.42,BA44,0.3240489218458986,0.0478693657603581,37,EleutherAI_pythia-12b-deduped,12000000000.0,12.0,10.079181246047625
EleutherAI/pythia-12b-deduped,Pythia-12B-deduped,step32000,32000,67108864000,en,average_en_precomputed,3,88092.42,BA45,0.3713236189314094,0.0592365431599877,50,EleutherAI_pythia-12b-deduped,12000000000.0,12.0,10.079181246047625
EleutherAI/pythia-12b-deduped,Pythia-12B-deduped,step32000,32000,67108864000,en,average_en_precomputed,3,88092.42,BA47,0.3131631111537942,0.0409010169525236,68,EleutherAI_pythia-12b-deduped,12000000000.0,12.0,10.079181246047625
EleutherAI/pythia-12b-deduped,Pythia-12B-deduped,step32000,32000,67108864000,en,average_en_precomputed,3,88092.42,TP,0.3393239006998575,0.046804626620583,32,EleutherAI_pythia-12b-deduped,12000000000.0,12.0,10.079181246047625
EleutherAI/pythia-12b-deduped,Pythia-12B-deduped,step32000,32000,67108864000,en,average_en_precomputed,3,88092.42,aSTS,0.279496704029845,0.0303470795882043,40,EleutherAI_pythia-12b-deduped,12000000000.0,12.0,10.079181246047625
EleutherAI/pythia-12b-deduped,Pythia-12B-deduped,step32000,32000,67108864000,en,average_en_precomputed,3,88092.42,pSTS,0.2891410168523463,0.0457261746457023,53,EleutherAI_pythia-12b-deduped,12000000000.0,12.0,10.079181246047625
EleutherAI/pythia-12b-deduped,Pythia-12B-deduped,step32000,32000,67108864000,en,average_en_precomputed,4,106873.26222222224,AG_TPJ,0.2853673114533798,0.0575444861238444,56,EleutherAI_pythia-12b-deduped,12000000000.0,12.0,10.079181246047625
EleutherAI/pythia-12b-deduped,Pythia-12B-deduped,step32000,32000,67108864000,en,average_en_precomputed,4,106873.26222222224,BA44,0.3501378127883802,0.0509718392746424,37,EleutherAI_pythia-12b-deduped,12000000000.0,12.0,10.079181246047625
EleutherAI/pythia-12b-deduped,Pythia-12B-deduped,step32000,32000,67108864000,en,average_en_precomputed,4,106873.26222222224,BA45,0.3932386620353786,0.0635794376430783,50,EleutherAI_pythia-12b-deduped,12000000000.0,12.0,10.079181246047625
EleutherAI/pythia-12b-deduped,Pythia-12B-deduped,step32000,32000,67108864000,en,average_en_precomputed,4,106873.26222222224,BA47,0.3376895539196526,0.0420014131303711,68,EleutherAI_pythia-12b-deduped,12000000000.0,12.0,10.079181246047625
EleutherAI/pythia-12b-deduped,Pythia-12B-deduped,step32000,32000,67108864000,en,average_en_precomputed,4,106873.26222222224,TP,0.3538819496549658,0.0459205110530535,32,EleutherAI_pythia-12b-deduped,12000000000.0,12.0,10.079181246047625
EleutherAI/pythia-12b-deduped,Pythia-12B-deduped,step32000,32000,67108864000,en,average_en_precomputed,4,106873.26222222224,aSTS,0.299795167126334,0.0268340271342918,40,EleutherAI_pythia-12b-deduped,12000000000.0,12.0,10.079181246047625
EleutherAI/pythia-12b-deduped,Pythia-12B-deduped,step32000,32000,67108864000,en,average_en_precomputed,4,106873.26222222224,pSTS,0.3102272409194494,0.0416018739889092,53,EleutherAI_pythia-12b-deduped,12000000000.0,12.0,10.079181246047625
EleutherAI/pythia-12b-deduped,Pythia-12B-deduped,step32000,32000,67108864000,en,average_en_precomputed,5,94046.21,AG_TPJ,0.3165948036534054,0.0573290867358799,56,EleutherAI_pythia-12b-deduped,12000000000.0,12.0,10.079181246047625
EleutherAI/pythia-12b-deduped,Pythia-12B-deduped,step32000,32000,67108864000,en,average_en_precomputed,5,94046.21,BA44,0.3718859511592993,0.0491032607892625,37,EleutherAI_pythia-12b-deduped,12000000000.0,12.0,10.079181246047625
EleutherAI/pythia-12b-deduped,Pythia-12B-deduped,step32000,32000,67108864000,en,average_en_precomputed,5,94046.21,BA45,0.416165360897256,0.064888799859444,50,EleutherAI_pythia-12b-deduped,12000000000.0,12.0,10.079181246047625
EleutherAI/pythia-12b-deduped,Pythia-12B-deduped,step32000,32000,67108864000,en,average_en_precomputed,5,94046.21,BA47,0.3638110163110422,0.0403028184963092,68,EleutherAI_pythia-12b-deduped,12000000000.0,12.0,10.079181246047625
EleutherAI/pythia-12b-deduped,Pythia-12B-deduped,step32000,32000,67108864000,en,average_en_precomputed,5,94046.21,TP,0.3778866446830317,0.0451309092820467,32,EleutherAI_pythia-12b-deduped,12000000000.0,12.0,10.079181246047625
EleutherAI/pythia-12b-deduped,Pythia-12B-deduped,step32000,32000,67108864000,en,average_en_precomputed,5,94046.21,aSTS,0.3319887733103558,0.0249905919681424,40,EleutherAI_pythia-12b-deduped,12000000000.0,12.0,10.079181246047625
EleutherAI/pythia-12b-deduped,Pythia-12B-deduped,step32000,32000,67108864000,en,average_en_precomputed,5,94046.21,pSTS,0.3412258525369829,0.0393377369240212,53,EleutherAI_pythia-12b-deduped,12000000000.0,12.0,10.079181246047625
EleutherAI/pythia-12b-deduped,Pythia-12B-deduped,step32000,32000,67108864000,en,average_en_precomputed,6,76184.84000000001,AG_TPJ,0.3370021265491475,0.0570454269972948,56,EleutherAI_pythia-12b-deduped,12000000000.0,12.0,10.079181246047625
EleutherAI/pythia-12b-deduped,Pythia-12B-deduped,step32000,32000,67108864000,en,average_en_precomputed,6,76184.84000000001,BA44,0.383304159615193,0.050591363531734,37,EleutherAI_pythia-12b-deduped,12000000000.0,12.0,10.079181246047625
EleutherAI/pythia-12b-deduped,Pythia-12B-deduped,step32000,32000,67108864000,en,average_en_precomputed,6,76184.84000000001,BA45,0.4265910631196848,0.0661408156903529,50,EleutherAI_pythia-12b-deduped,12000000000.0,12.0,10.079181246047625
EleutherAI/pythia-12b-deduped,Pythia-12B-deduped,step32000,32000,67108864000,en,average_en_precomputed,6,76184.84000000001,BA47,0.3711621213183002,0.0407942697863687,68,EleutherAI_pythia-12b-deduped,12000000000.0,12.0,10.079181246047625
EleutherAI/pythia-12b-deduped,Pythia-12B-deduped,step32000,32000,67108864000,en,average_en_precomputed,6,76184.84000000001,TP,0.3845233826125923,0.0457428035025713,32,EleutherAI_pythia-12b-deduped,12000000000.0,12.0,10.079181246047625
EleutherAI/pythia-12b-deduped,Pythia-12B-deduped,step32000,32000,67108864000,en,average_en_precomputed,6,76184.84000000001,aSTS,0.3445121288089164,0.023961721461636,40,EleutherAI_pythia-12b-deduped,12000000000.0,12.0,10.079181246047625
EleutherAI/pythia-12b-deduped,Pythia-12B-deduped,step32000,32000,67108864000,en,average_en_precomputed,6,76184.84000000001,pSTS,0.3552379740306222,0.0399702739099672,53,EleutherAI_pythia-12b-deduped,12000000000.0,12.0,10.079181246047625
EleutherAI/pythia-12b-deduped,Pythia-12B-deduped,step32000,32000,67108864000,en,average_en_precomputed,7,58323.47,AG_TPJ,0.3571688988681994,0.05449408184044,56,EleutherAI_pythia-12b-deduped,12000000000.0,12.0,10.079181246047625
EleutherAI/pythia-12b-deduped,Pythia-12B-deduped,step32000,32000,67108864000,en,average_en_precomputed,7,58323.47,BA44,0.3969767005109587,0.0496939028763553,37,EleutherAI_pythia-12b-deduped,12000000000.0,12.0,10.079181246047625
EleutherAI/pythia-12b-deduped,Pythia-12B-deduped,step32000,32000,67108864000,en,average_en_precomputed,7,58323.47,BA45,0.4393530337090095,0.0642592008606551,50,EleutherAI_pythia-12b-deduped,12000000000.0,12.0,10.079181246047625
EleutherAI/pythia-12b-deduped,Pythia-12B-deduped,step32000,32000,67108864000,en,average_en_precomputed,7,58323.47,BA47,0.3835799685110641,0.0391257040567057,68,EleutherAI_pythia-12b-deduped,12000000000.0,12.0,10.079181246047625
EleutherAI/pythia-12b-deduped,Pythia-12B-deduped,step32000,32000,67108864000,en,average_en_precomputed,7,58323.47,TP,0.3992546459816415,0.0466099116905341,32,EleutherAI_pythia-12b-deduped,12000000000.0,12.0,10.079181246047625
EleutherAI/pythia-12b-deduped,Pythia-12B-deduped,step32000,32000,67108864000,en,average_en_precomputed,7,58323.47,aSTS,0.3607607863636524,0.0226024167861718,40,EleutherAI_pythia-12b-deduped,12000000000.0,12.0,10.079181246047625
EleutherAI/pythia-12b-deduped,Pythia-12B-deduped,step32000,32000,67108864000,en,average_en_precomputed,7,58323.47,pSTS,0.3808823725920175,0.0388782650297189,53,EleutherAI_pythia-12b-deduped,12000000000.0,12.0,10.079181246047625
EleutherAI/pythia-12b-deduped,Pythia-12B-deduped,step32000,32000,67108864000,en,average_en_precomputed,8,58323.47,AG_TPJ,0.3815184426919784,0.051361795923668,56,EleutherAI_pythia-12b-deduped,12000000000.0,12.0,10.079181246047625
EleutherAI/pythia-12b-deduped,Pythia-12B-deduped,step32000,32000,67108864000,en,average_en_precomputed,8,58323.47,BA44,0.4103118697858574,0.0491183537933514,37,EleutherAI_pythia-12b-deduped,12000000000.0,12.0,10.079181246047625
EleutherAI/pythia-12b-deduped,Pythia-12B-deduped,step32000,32000,67108864000,en,average_en_precomputed,8,58323.47,BA45,0.456754326377865,0.0647325297154861,50,EleutherAI_pythia-12b-deduped,12000000000.0,12.0,10.079181246047625
EleutherAI/pythia-12b-deduped,Pythia-12B-deduped,step32000,32000,67108864000,en,average_en_precomputed,8,58323.47,BA47,0.394404503655214,0.0378652298710949,68,EleutherAI_pythia-12b-deduped,12000000000.0,12.0,10.079181246047625
EleutherAI/pythia-12b-deduped,Pythia-12B-deduped,step32000,32000,67108864000,en,average_en_precomputed,8,58323.47,TP,0.4088302328834736,0.0471971221857611,32,EleutherAI_pythia-12b-deduped,12000000000.0,12.0,10.079181246047625
EleutherAI/pythia-12b-deduped,Pythia-12B-deduped,step32000,32000,67108864000,en,average_en_precomputed,8,58323.47,aSTS,0.3734566748925596,0.0271710046827978,40,EleutherAI_pythia-12b-deduped,12000000000.0,12.0,10.079181246047625
EleutherAI/pythia-12b-deduped,Pythia-12B-deduped,step32000,32000,67108864000,en,average_en_precomputed,8,58323.47,pSTS,0.3947506097693906,0.0393593124595265,53,EleutherAI_pythia-12b-deduped,12000000000.0,12.0,10.079181246047625
EleutherAI/pythia-12b-deduped,Pythia-12B-deduped,step32000,32000,67108864000,en,average_en_precomputed,9,46415.89,AG_TPJ,0.4063111960588764,0.0531084942025032,56,EleutherAI_pythia-12b-deduped,12000000000.0,12.0,10.079181246047625
EleutherAI/pythia-12b-deduped,Pythia-12B-deduped,step32000,32000,67108864000,en,average_en_precomputed,9,46415.89,BA44,0.4235287571198567,0.0480707901211833,37,EleutherAI_pythia-12b-deduped,12000000000.0,12.0,10.079181246047625
EleutherAI/pythia-12b-deduped,Pythia-12B-deduped,step32000,32000,67108864000,en,average_en_precomputed,9,46415.89,BA45,0.4740248977827579,0.0602381961844114,50,EleutherAI_pythia-12b-deduped,12000000000.0,12.0,10.079181246047625
EleutherAI/pythia-12b-deduped,Pythia-12B-deduped,step32000,32000,67108864000,en,average_en_precomputed,9,46415.89,BA47,0.4130569295182048,0.0350605693100067,68,EleutherAI_pythia-12b-deduped,12000000000.0,12.0,10.079181246047625
EleutherAI/pythia-12b-deduped,Pythia-12B-deduped,step32000,32000,67108864000,en,average_en_precomputed,9,46415.89,TP,0.4227278399746977,0.0478182768392537,32,EleutherAI_pythia-12b-deduped,12000000000.0,12.0,10.079181246047625
EleutherAI/pythia-12b-deduped,Pythia-12B-deduped,step32000,32000,67108864000,en,average_en_precomputed,9,46415.89,aSTS,0.3906625034212217,0.028519839048368,40,EleutherAI_pythia-12b-deduped,12000000000.0,12.0,10.079181246047625
EleutherAI/pythia-12b-deduped,Pythia-12B-deduped,step32000,32000,67108864000,en,average_en_precomputed,9,46415.89,pSTS,0.4125001508279679,0.0426517818059343,53,EleutherAI_pythia-12b-deduped,12000000000.0,12.0,10.079181246047625
EleutherAI/pythia-12b-deduped,Pythia-12B-deduped,step32000,32000,67108864000,en,average_en_precomputed,10,46415.89,AG_TPJ,0.4113281810891067,0.0521889546117841,56,EleutherAI_pythia-12b-deduped,12000000000.0,12.0,10.079181246047625
EleutherAI/pythia-12b-deduped,Pythia-12B-deduped,step32000,32000,67108864000,en,average_en_precomputed,10,46415.89,BA44,0.4266030818085637,0.0463962863341532,37,EleutherAI_pythia-12b-deduped,12000000000.0,12.0,10.079181246047625
EleutherAI/pythia-12b-deduped,Pythia-12B-deduped,step32000,32000,67108864000,en,average_en_precomputed,10,46415.89,BA45,0.4771969847622964,0.0582434550039767,50,EleutherAI_pythia-12b-deduped,12000000000.0,12.0,10.079181246047625
EleutherAI/pythia-12b-deduped,Pythia-12B-deduped,step32000,32000,67108864000,en,average_en_precomputed,10,46415.89,BA47,0.4166992866491236,0.0351050617337423,68,EleutherAI_pythia-12b-deduped,12000000000.0,12.0,10.079181246047625
EleutherAI/pythia-12b-deduped,Pythia-12B-deduped,step32000,32000,67108864000,en,average_en_precomputed,10,46415.89,TP,0.4276861993388654,0.0484831688187058,32,EleutherAI_pythia-12b-deduped,12000000000.0,12.0,10.079181246047625
EleutherAI/pythia-12b-deduped,Pythia-12B-deduped,step32000,32000,67108864000,en,average_en_precomputed,10,46415.89,aSTS,0.3968908189184749,0.0278942588710846,40,EleutherAI_pythia-12b-deduped,12000000000.0,12.0,10.079181246047625
EleutherAI/pythia-12b-deduped,Pythia-12B-deduped,step32000,32000,67108864000,en,average_en_precomputed,10,46415.89,pSTS,0.4154981634786091,0.042987086736267,53,EleutherAI_pythia-12b-deduped,12000000000.0,12.0,10.079181246047625
EleutherAI/pythia-12b-deduped,Pythia-12B-deduped,step32000,32000,67108864000,en,average_en_precomputed,11,52369.68,AG_TPJ,0.4229307384490783,0.0465070228222566,56,EleutherAI_pythia-12b-deduped,12000000000.0,12.0,10.079181246047625
EleutherAI/pythia-12b-deduped,Pythia-12B-deduped,step32000,32000,67108864000,en,average_en_precomputed,11,52369.68,BA44,0.4421461871512653,0.0472432697465374,37,EleutherAI_pythia-12b-deduped,12000000000.0,12.0,10.079181246047625
EleutherAI/pythia-12b-deduped,Pythia-12B-deduped,step32000,32000,67108864000,en,average_en_precomputed,11,52369.68,BA45,0.4860220252202614,0.057598075984227,50,EleutherAI_pythia-12b-deduped,12000000000.0,12.0,10.079181246047625
EleutherAI/pythia-12b-deduped,Pythia-12B-deduped,step32000,32000,67108864000,en,average_en_precomputed,11,52369.68,BA47,0.4271344013753659,0.0327455919518952,68,EleutherAI_pythia-12b-deduped,12000000000.0,12.0,10.079181246047625
EleutherAI/pythia-12b-deduped,Pythia-12B-deduped,step32000,32000,67108864000,en,average_en_precomputed,11,52369.68,TP,0.431659773405872,0.0483405664847727,32,EleutherAI_pythia-12b-deduped,12000000000.0,12.0,10.079181246047625
EleutherAI/pythia-12b-deduped,Pythia-12B-deduped,step32000,32000,67108864000,en,average_en_precomputed,11,52369.68,aSTS,0.4061122932286937,0.0268518011363847,40,EleutherAI_pythia-12b-deduped,12000000000.0,12.0,10.079181246047625
EleutherAI/pythia-12b-deduped,Pythia-12B-deduped,step32000,32000,67108864000,en,average_en_precomputed,11,52369.68,pSTS,0.4239506923916651,0.0406204243849169,53,EleutherAI_pythia-12b-deduped,12000000000.0,12.0,10.079181246047625
EleutherAI/pythia-12b-deduped,Pythia-12B-deduped,step32000,32000,67108864000,en,average_en_precomputed,12,52369.68,AG_TPJ,0.4220545759278923,0.0456732826288263,56,EleutherAI_pythia-12b-deduped,12000000000.0,12.0,10.079181246047625
EleutherAI/pythia-12b-deduped,Pythia-12B-deduped,step32000,32000,67108864000,en,average_en_precomputed,12,52369.68,BA44,0.4423726810827166,0.0457823925390531,37,EleutherAI_pythia-12b-deduped,12000000000.0,12.0,10.079181246047625
EleutherAI/pythia-12b-deduped,Pythia-12B-deduped,step32000,32000,67108864000,en,average_en_precomputed,12,52369.68,BA45,0.4875696456407405,0.0561849363328808,50,EleutherAI_pythia-12b-deduped,12000000000.0,12.0,10.079181246047625
EleutherAI/pythia-12b-deduped,Pythia-12B-deduped,step32000,32000,67108864000,en,average_en_precomputed,12,52369.68,BA47,0.4272145814196277,0.032893970665245,68,EleutherAI_pythia-12b-deduped,12000000000.0,12.0,10.079181246047625
EleutherAI/pythia-12b-deduped,Pythia-12B-deduped,step32000,32000,67108864000,en,average_en_precomputed,12,52369.68,TP,0.4320312276557065,0.0479429200350314,32,EleutherAI_pythia-12b-deduped,12000000000.0,12.0,10.079181246047625
EleutherAI/pythia-12b-deduped,Pythia-12B-deduped,step32000,32000,67108864000,en,average_en_precomputed,12,52369.68,aSTS,0.4095493947576399,0.0249905623472363,40,EleutherAI_pythia-12b-deduped,12000000000.0,12.0,10.079181246047625
EleutherAI/pythia-12b-deduped,Pythia-12B-deduped,step32000,32000,67108864000,en,average_en_precomputed,12,52369.68,pSTS,0.4262309527668274,0.0423303015073468,53,EleutherAI_pythia-12b-deduped,12000000000.0,12.0,10.079181246047625
EleutherAI/pythia-12b-deduped,Pythia-12B-deduped,step32000,32000,67108864000,en,average_en_precomputed,13,58323.47,AG_TPJ,0.4352037745070873,0.0443899220896026,56,EleutherAI_pythia-12b-deduped,12000000000.0,12.0,10.079181246047625
EleutherAI/pythia-12b-deduped,Pythia-12B-deduped,step32000,32000,67108864000,en,average_en_precomputed,13,58323.47,BA44,0.4474931224316527,0.0464491717900399,37,EleutherAI_pythia-12b-deduped,12000000000.0,12.0,10.079181246047625
EleutherAI/pythia-12b-deduped,Pythia-12B-deduped,step32000,32000,67108864000,en,average_en_precomputed,13,58323.47,BA45,0.4942306319570986,0.0563069540620579,50,EleutherAI_pythia-12b-deduped,12000000000.0,12.0,10.079181246047625
EleutherAI/pythia-12b-deduped,Pythia-12B-deduped,step32000,32000,67108864000,en,average_en_precomputed,13,58323.47,BA47,0.4327271596772909,0.0327159424103345,68,EleutherAI_pythia-12b-deduped,12000000000.0,12.0,10.079181246047625
EleutherAI/pythia-12b-deduped,Pythia-12B-deduped,step32000,32000,67108864000,en,average_en_precomputed,13,58323.47,TP,0.4364119209951341,0.0475306375699188,32,EleutherAI_pythia-12b-deduped,12000000000.0,12.0,10.079181246047625
EleutherAI/pythia-12b-deduped,Pythia-12B-deduped,step32000,32000,67108864000,en,average_en_precomputed,13,58323.47,aSTS,0.4135579637171508,0.028101314988869,40,EleutherAI_pythia-12b-deduped,12000000000.0,12.0,10.079181246047625
EleutherAI/pythia-12b-deduped,Pythia-12B-deduped,step32000,32000,67108864000,en,average_en_precomputed,13,58323.47,pSTS,0.4292147425695513,0.0440442173611457,53,EleutherAI_pythia-12b-deduped,12000000000.0,12.0,10.079181246047625
EleutherAI/pythia-12b-deduped,Pythia-12B-deduped,step32000,32000,67108864000,en,average_en_precomputed,14,52369.68,AG_TPJ,0.444717234355802,0.0428891915433333,56,EleutherAI_pythia-12b-deduped,12000000000.0,12.0,10.079181246047625
EleutherAI/pythia-12b-deduped,Pythia-12B-deduped,step32000,32000,67108864000,en,average_en_precomputed,14,52369.68,BA44,0.454002207157566,0.0461179371952645,37,EleutherAI_pythia-12b-deduped,12000000000.0,12.0,10.079181246047625
EleutherAI/pythia-12b-deduped,Pythia-12B-deduped,step32000,32000,67108864000,en,average_en_precomputed,14,52369.68,BA45,0.5009003331037488,0.0553959735713278,50,EleutherAI_pythia-12b-deduped,12000000000.0,12.0,10.079181246047625
EleutherAI/pythia-12b-deduped,Pythia-12B-deduped,step32000,32000,67108864000,en,average_en_precomputed,14,52369.68,BA47,0.4360237092312655,0.0327152678868351,68,EleutherAI_pythia-12b-deduped,12000000000.0,12.0,10.079181246047625
EleutherAI/pythia-12b-deduped,Pythia-12B-deduped,step32000,32000,67108864000,en,average_en_precomputed,14,52369.68,TP,0.4359622341542127,0.0469513445972184,32,EleutherAI_pythia-12b-deduped,12000000000.0,12.0,10.079181246047625
EleutherAI/pythia-12b-deduped,Pythia-12B-deduped,step32000,32000,67108864000,en,average_en_precomputed,14,52369.68,aSTS,0.4176607451396899,0.0274148795450623,40,EleutherAI_pythia-12b-deduped,12000000000.0,12.0,10.079181246047625
EleutherAI/pythia-12b-deduped,Pythia-12B-deduped,step32000,32000,67108864000,en,average_en_precomputed,14,52369.68,pSTS,0.4353915984514687,0.0440768533236934,53,EleutherAI_pythia-12b-deduped,12000000000.0,12.0,10.079181246047625
EleutherAI/pythia-12b-deduped,Pythia-12B-deduped,step32000,32000,67108864000,en,average_en_precomputed,15,46415.89,AG_TPJ,0.4594388112628965,0.0418446138690845,56,EleutherAI_pythia-12b-deduped,12000000000.0,12.0,10.079181246047625
EleutherAI/pythia-12b-deduped,Pythia-12B-deduped,step32000,32000,67108864000,en,average_en_precomputed,15,46415.89,BA44,0.4580762669503808,0.0459180044710291,37,EleutherAI_pythia-12b-deduped,12000000000.0,12.0,10.079181246047625
EleutherAI/pythia-12b-deduped,Pythia-12B-deduped,step32000,32000,67108864000,en,average_en_precomputed,15,46415.89,BA45,0.5089690479703601,0.0550864332886935,50,EleutherAI_pythia-12b-deduped,12000000000.0,12.0,10.079181246047625
EleutherAI/pythia-12b-deduped,Pythia-12B-deduped,step32000,32000,67108864000,en,average_en_precomputed,15,46415.89,BA47,0.4420507689885078,0.0321786639624045,68,EleutherAI_pythia-12b-deduped,12000000000.0,12.0,10.079181246047625
EleutherAI/pythia-12b-deduped,Pythia-12B-deduped,step32000,32000,67108864000,en,average_en_precomputed,15,46415.89,TP,0.4429983318279977,0.0479568538563746,32,EleutherAI_pythia-12b-deduped,12000000000.0,12.0,10.079181246047625
EleutherAI/pythia-12b-deduped,Pythia-12B-deduped,step32000,32000,67108864000,en,average_en_precomputed,15,46415.89,aSTS,0.4324124403562271,0.0292782495872889,40,EleutherAI_pythia-12b-deduped,12000000000.0,12.0,10.079181246047625
EleutherAI/pythia-12b-deduped,Pythia-12B-deduped,step32000,32000,67108864000,en,average_en_precomputed,15,46415.89,pSTS,0.443139161157318,0.0437161686258614,53,EleutherAI_pythia-12b-deduped,12000000000.0,12.0,10.079181246047625
EleutherAI/pythia-12b-deduped,Pythia-12B-deduped,step32000,32000,67108864000,en,average_en_precomputed,16,46415.89,AG_TPJ,0.4618812966884994,0.0421167868139236,56,EleutherAI_pythia-12b-deduped,12000000000.0,12.0,10.079181246047625
EleutherAI/pythia-12b-deduped,Pythia-12B-deduped,step32000,32000,67108864000,en,average_en_precomputed,16,46415.89,BA44,0.4544650184053114,0.0463707153950883,37,EleutherAI_pythia-12b-deduped,12000000000.0,12.0,10.079181246047625
EleutherAI/pythia-12b-deduped,Pythia-12B-deduped,step32000,32000,67108864000,en,average_en_precomputed,16,46415.89,BA45,0.5053419150409265,0.0540978212435484,50,EleutherAI_pythia-12b-deduped,12000000000.0,12.0,10.079181246047625
EleutherAI/pythia-12b-deduped,Pythia-12B-deduped,step32000,32000,67108864000,en,average_en_precomputed,16,46415.89,BA47,0.4383064195923697,0.0315396113447993,68,EleutherAI_pythia-12b-deduped,12000000000.0,12.0,10.079181246047625
EleutherAI/pythia-12b-deduped,Pythia-12B-deduped,step32000,32000,67108864000,en,average_en_precomputed,16,46415.89,TP,0.4387320944088959,0.0480233365901767,32,EleutherAI_pythia-12b-deduped,12000000000.0,12.0,10.079181246047625
EleutherAI/pythia-12b-deduped,Pythia-12B-deduped,step32000,32000,67108864000,en,average_en_precomputed,16,46415.89,aSTS,0.4302344811933921,0.0296123747575827,40,EleutherAI_pythia-12b-deduped,12000000000.0,12.0,10.079181246047625
EleutherAI/pythia-12b-deduped,Pythia-12B-deduped,step32000,32000,67108864000,en,average_en_precomputed,16,46415.89,pSTS,0.4420658700381003,0.0441040994573515,53,EleutherAI_pythia-12b-deduped,12000000000.0,12.0,10.079181246047625
EleutherAI/pythia-12b-deduped,Pythia-12B-deduped,step32000,32000,67108864000,en,average_en_precomputed,17,46415.89,AG_TPJ,0.462521627967431,0.0402880594374636,56,EleutherAI_pythia-12b-deduped,12000000000.0,12.0,10.079181246047625
EleutherAI/pythia-12b-deduped,Pythia-12B-deduped,step32000,32000,67108864000,en,average_en_precomputed,17,46415.89,BA44,0.4584237843629619,0.0449152157523746,37,EleutherAI_pythia-12b-deduped,12000000000.0,12.0,10.079181246047625
EleutherAI/pythia-12b-deduped,Pythia-12B-deduped,step32000,32000,67108864000,en,average_en_precomputed,17,46415.89,BA45,0.5075756069665214,0.0522037184988349,50,EleutherAI_pythia-12b-deduped,12000000000.0,12.0,10.079181246047625
EleutherAI/pythia-12b-deduped,Pythia-12B-deduped,step32000,32000,67108864000,en,average_en_precomputed,17,46415.89,BA47,0.4423509762543453,0.0305776030074333,68,EleutherAI_pythia-12b-deduped,12000000000.0,12.0,10.079181246047625
EleutherAI/pythia-12b-deduped,Pythia-12B-deduped,step32000,32000,67108864000,en,average_en_precomputed,17,46415.89,TP,0.4382515003030039,0.04833628742759,32,EleutherAI_pythia-12b-deduped,12000000000.0,12.0,10.079181246047625
EleutherAI/pythia-12b-deduped,Pythia-12B-deduped,step32000,32000,67108864000,en,average_en_precomputed,17,46415.89,aSTS,0.4299859577960664,0.0292891143153188,40,EleutherAI_pythia-12b-deduped,12000000000.0,12.0,10.079181246047625
EleutherAI/pythia-12b-deduped,Pythia-12B-deduped,step32000,32000,67108864000,en,average_en_precomputed,17,46415.89,pSTS,0.4444697220789622,0.0437175861467363,53,EleutherAI_pythia-12b-deduped,12000000000.0,12.0,10.079181246047625
EleutherAI/pythia-12b-deduped,Pythia-12B-deduped,step32000,32000,67108864000,en,average_en_precomputed,18,46415.89,AG_TPJ,0.4575014663279836,0.0415321146028267,56,EleutherAI_pythia-12b-deduped,12000000000.0,12.0,10.079181246047625
EleutherAI/pythia-12b-deduped,Pythia-12B-deduped,step32000,32000,67108864000,en,average_en_precomputed,18,46415.89,BA44,0.4534178879395881,0.045810843073082,37,EleutherAI_pythia-12b-deduped,12000000000.0,12.0,10.079181246047625
EleutherAI/pythia-12b-deduped,Pythia-12B-deduped,step32000,32000,67108864000,en,average_en_precomputed,18,46415.89,BA45,0.5030344545888112,0.0517682413844004,50,EleutherAI_pythia-12b-deduped,12000000000.0,12.0,10.079181246047625
EleutherAI/pythia-12b-deduped,Pythia-12B-deduped,step32000,32000,67108864000,en,average_en_precomputed,18,46415.89,BA47,0.4368403518407597,0.0310346652581894,68,EleutherAI_pythia-12b-deduped,12000000000.0,12.0,10.079181246047625
EleutherAI/pythia-12b-deduped,Pythia-12B-deduped,step32000,32000,67108864000,en,average_en_precomputed,18,46415.89,TP,0.4368193885202726,0.0483097570043461,32,EleutherAI_pythia-12b-deduped,12000000000.0,12.0,10.079181246047625
EleutherAI/pythia-12b-deduped,Pythia-12B-deduped,step32000,32000,67108864000,en,average_en_precomputed,18,46415.89,aSTS,0.4248898015605098,0.0274895236920511,40,EleutherAI_pythia-12b-deduped,12000000000.0,12.0,10.079181246047625
EleutherAI/pythia-12b-deduped,Pythia-12B-deduped,step32000,32000,67108864000,en,average_en_precomputed,18,46415.89,pSTS,0.4403424130374731,0.0441541549487118,53,EleutherAI_pythia-12b-deduped,12000000000.0,12.0,10.079181246047625
EleutherAI/pythia-12b-deduped,Pythia-12B-deduped,step32000,32000,67108864000,en,average_en_precomputed,19,46415.89,AG_TPJ,0.4555104172526199,0.0403260382169384,56,EleutherAI_pythia-12b-deduped,12000000000.0,12.0,10.079181246047625
EleutherAI/pythia-12b-deduped,Pythia-12B-deduped,step32000,32000,67108864000,en,average_en_precomputed,19,46415.89,BA44,0.4552726678482839,0.0464859690766572,37,EleutherAI_pythia-12b-deduped,12000000000.0,12.0,10.079181246047625
EleutherAI/pythia-12b-deduped,Pythia-12B-deduped,step32000,32000,67108864000,en,average_en_precomputed,19,46415.89,BA45,0.5072336848119268,0.0521332399540508,50,EleutherAI_pythia-12b-deduped,12000000000.0,12.0,10.079181246047625
EleutherAI/pythia-12b-deduped,Pythia-12B-deduped,step32000,32000,67108864000,en,average_en_precomputed,19,46415.89,BA47,0.4393663713798728,0.0314062407387081,68,EleutherAI_pythia-12b-deduped,12000000000.0,12.0,10.079181246047625
EleutherAI/pythia-12b-deduped,Pythia-12B-deduped,step32000,32000,67108864000,en,average_en_precomputed,19,46415.89,TP,0.439094331255148,0.0484252111693305,32,EleutherAI_pythia-12b-deduped,12000000000.0,12.0,10.079181246047625
EleutherAI/pythia-12b-deduped,Pythia-12B-deduped,step32000,32000,67108864000,en,average_en_precomputed,19,46415.89,aSTS,0.4241499440039664,0.027688115114703,40,EleutherAI_pythia-12b-deduped,12000000000.0,12.0,10.079181246047625
EleutherAI/pythia-12b-deduped,Pythia-12B-deduped,step32000,32000,67108864000,en,average_en_precomputed,19,46415.89,pSTS,0.442013028185462,0.0465319928701729,53,EleutherAI_pythia-12b-deduped,12000000000.0,12.0,10.079181246047625
EleutherAI/pythia-12b-deduped,Pythia-12B-deduped,step32000,32000,67108864000,en,average_en_precomputed,20,46415.89,AG_TPJ,0.4545823410896251,0.0404196136690475,56,EleutherAI_pythia-12b-deduped,12000000000.0,12.0,10.079181246047625
EleutherAI/pythia-12b-deduped,Pythia-12B-deduped,step32000,32000,67108864000,en,average_en_precomputed,20,46415.89,BA44,0.4542874617330518,0.0455835066072072,37,EleutherAI_pythia-12b-deduped,12000000000.0,12.0,10.079181246047625
EleutherAI/pythia-12b-deduped,Pythia-12B-deduped,step32000,32000,67108864000,en,average_en_precomputed,20,46415.89,BA45,0.5056436292456119,0.0524988974442854,50,EleutherAI_pythia-12b-deduped,12000000000.0,12.0,10.079181246047625
EleutherAI/pythia-12b-deduped,Pythia-12B-deduped,step32000,32000,67108864000,en,average_en_precomputed,20,46415.89,BA47,0.4386766916407937,0.0321773844081344,68,EleutherAI_pythia-12b-deduped,12000000000.0,12.0,10.079181246047625
EleutherAI/pythia-12b-deduped,Pythia-12B-deduped,step32000,32000,67108864000,en,average_en_precomputed,20,46415.89,TP,0.4402748820325495,0.0476794935506394,32,EleutherAI_pythia-12b-deduped,12000000000.0,12.0,10.079181246047625
EleutherAI/pythia-12b-deduped,Pythia-12B-deduped,step32000,32000,67108864000,en,average_en_precomputed,20,46415.89,aSTS,0.4258190412211403,0.02931647004751,40,EleutherAI_pythia-12b-deduped,12000000000.0,12.0,10.079181246047625
EleutherAI/pythia-12b-deduped,Pythia-12B-deduped,step32000,32000,67108864000,en,average_en_precomputed,20,46415.89,pSTS,0.4389689487588615,0.0469973713013804,53,EleutherAI_pythia-12b-deduped,12000000000.0,12.0,10.079181246047625
EleutherAI/pythia-12b-deduped,Pythia-12B-deduped,step32000,32000,67108864000,en,average_en_precomputed,21,46415.89,AG_TPJ,0.4541323325416945,0.0385799246656646,56,EleutherAI_pythia-12b-deduped,12000000000.0,12.0,10.079181246047625
EleutherAI/pythia-12b-deduped,Pythia-12B-deduped,step32000,32000,67108864000,en,average_en_precomputed,21,46415.89,BA44,0.4540235906432602,0.0442813156490011,37,EleutherAI_pythia-12b-deduped,12000000000.0,12.0,10.079181246047625
EleutherAI/pythia-12b-deduped,Pythia-12B-deduped,step32000,32000,67108864000,en,average_en_precomputed,21,46415.89,BA45,0.5032066520394691,0.0535518872459184,50,EleutherAI_pythia-12b-deduped,12000000000.0,12.0,10.079181246047625
EleutherAI/pythia-12b-deduped,Pythia-12B-deduped,step32000,32000,67108864000,en,average_en_precomputed,21,46415.89,BA47,0.4360719621676605,0.0321261856803888,68,EleutherAI_pythia-12b-deduped,12000000000.0,12.0,10.079181246047625
EleutherAI/pythia-12b-deduped,Pythia-12B-deduped,step32000,32000,67108864000,en,average_en_precomputed,21,46415.89,TP,0.4382344681540125,0.0477438022633217,32,EleutherAI_pythia-12b-deduped,12000000000.0,12.0,10.079181246047625
EleutherAI/pythia-12b-deduped,Pythia-12B-deduped,step32000,32000,67108864000,en,average_en_precomputed,21,46415.89,aSTS,0.4237644904114804,0.0297097996989287,40,EleutherAI_pythia-12b-deduped,12000000000.0,12.0,10.079181246047625
EleutherAI/pythia-12b-deduped,Pythia-12B-deduped,step32000,32000,67108864000,en,average_en_precomputed,21,46415.89,pSTS,0.4360872221288535,0.0469865258066796,53,EleutherAI_pythia-12b-deduped,12000000000.0,12.0,10.079181246047625
EleutherAI/pythia-12b-deduped,Pythia-12B-deduped,step32000,32000,67108864000,en,average_en_precomputed,22,43652.38555555555,AG_TPJ,0.4480516243182212,0.0398797943607658,56,EleutherAI_pythia-12b-deduped,12000000000.0,12.0,10.079181246047625
EleutherAI/pythia-12b-deduped,Pythia-12B-deduped,step32000,32000,67108864000,en,average_en_precomputed,22,43652.38555555555,BA44,0.4513203901791723,0.0431691409569827,37,EleutherAI_pythia-12b-deduped,12000000000.0,12.0,10.079181246047625
EleutherAI/pythia-12b-deduped,Pythia-12B-deduped,step32000,32000,67108864000,en,average_en_precomputed,22,43652.38555555555,BA45,0.5019622877143912,0.0532592764007448,50,EleutherAI_pythia-12b-deduped,12000000000.0,12.0,10.079181246047625
EleutherAI/pythia-12b-deduped,Pythia-12B-deduped,step32000,32000,67108864000,en,average_en_precomputed,22,43652.38555555555,BA47,0.4346371113722209,0.031804894303773,68,EleutherAI_pythia-12b-deduped,12000000000.0,12.0,10.079181246047625
EleutherAI/pythia-12b-deduped,Pythia-12B-deduped,step32000,32000,67108864000,en,average_en_precomputed,22,43652.38555555555,TP,0.4364994141334336,0.0478280595141279,32,EleutherAI_pythia-12b-deduped,12000000000.0,12.0,10.079181246047625
EleutherAI/pythia-12b-deduped,Pythia-12B-deduped,step32000,32000,67108864000,en,average_en_precomputed,22,43652.38555555555,aSTS,0.4185692521006233,0.0313727937500382,40,EleutherAI_pythia-12b-deduped,12000000000.0,12.0,10.079181246047625
EleutherAI/pythia-12b-deduped,Pythia-12B-deduped,step32000,32000,67108864000,en,average_en_precomputed,22,43652.38555555555,pSTS,0.431570234504732,0.0483462144602166,53,EleutherAI_pythia-12b-deduped,12000000000.0,12.0,10.079181246047625
EleutherAI/pythia-12b-deduped,Pythia-12B-deduped,step32000,32000,67108864000,en,average_en_precomputed,23,46415.89,AG_TPJ,0.4470814067437232,0.0392777904060098,56,EleutherAI_pythia-12b-deduped,12000000000.0,12.0,10.079181246047625
EleutherAI/pythia-12b-deduped,Pythia-12B-deduped,step32000,32000,67108864000,en,average_en_precomputed,23,46415.89,BA44,0.4515125263698619,0.0431750890984897,37,EleutherAI_pythia-12b-deduped,12000000000.0,12.0,10.079181246047625
EleutherAI/pythia-12b-deduped,Pythia-12B-deduped,step32000,32000,67108864000,en,average_en_precomputed,23,46415.89,BA45,0.5019967059262737,0.0539150273253481,50,EleutherAI_pythia-12b-deduped,12000000000.0,12.0,10.079181246047625
EleutherAI/pythia-12b-deduped,Pythia-12B-deduped,step32000,32000,67108864000,en,average_en_precomputed,23,46415.89,BA47,0.4324856401925163,0.0322166821356721,68,EleutherAI_pythia-12b-deduped,12000000000.0,12.0,10.079181246047625
EleutherAI/pythia-12b-deduped,Pythia-12B-deduped,step32000,32000,67108864000,en,average_en_precomputed,23,46415.89,TP,0.4346561844814542,0.048831343361755,32,EleutherAI_pythia-12b-deduped,12000000000.0,12.0,10.079181246047625
EleutherAI/pythia-12b-deduped,Pythia-12B-deduped,step32000,32000,67108864000,en,average_en_precomputed,23,46415.89,aSTS,0.4191772674274312,0.0306656902116834,40,EleutherAI_pythia-12b-deduped,12000000000.0,12.0,10.079181246047625
EleutherAI/pythia-12b-deduped,Pythia-12B-deduped,step32000,32000,67108864000,en,average_en_precomputed,23,46415.89,pSTS,0.4300638376482685,0.0483982479053166,53,EleutherAI_pythia-12b-deduped,12000000000.0,12.0,10.079181246047625
EleutherAI/pythia-12b-deduped,Pythia-12B-deduped,step32000,32000,67108864000,en,average_en_precomputed,24,43652.38555555555,AG_TPJ,0.4422520498058309,0.0405304413907262,56,EleutherAI_pythia-12b-deduped,12000000000.0,12.0,10.079181246047625
EleutherAI/pythia-12b-deduped,Pythia-12B-deduped,step32000,32000,67108864000,en,average_en_precomputed,24,43652.38555555555,BA44,0.4483169795435988,0.0428522588925672,37,EleutherAI_pythia-12b-deduped,12000000000.0,12.0,10.079181246047625
EleutherAI/pythia-12b-deduped,Pythia-12B-deduped,step32000,32000,67108864000,en,average_en_precomputed,24,43652.38555555555,BA45,0.498995610734993,0.0539014693117523,50,EleutherAI_pythia-12b-deduped,12000000000.0,12.0,10.079181246047625
EleutherAI/pythia-12b-deduped,Pythia-12B-deduped,step32000,32000,67108864000,en,average_en_precomputed,24,43652.38555555555,BA47,0.4296096721106759,0.0325538890266713,68,EleutherAI_pythia-12b-deduped,12000000000.0,12.0,10.079181246047625
EleutherAI/pythia-12b-deduped,Pythia-12B-deduped,step32000,32000,67108864000,en,average_en_precomputed,24,43652.38555555555,TP,0.4335459538491009,0.049088736194382,32,EleutherAI_pythia-12b-deduped,12000000000.0,12.0,10.079181246047625
EleutherAI/pythia-12b-deduped,Pythia-12B-deduped,step32000,32000,67108864000,en,average_en_precomputed,24,43652.38555555555,aSTS,0.4149620244170256,0.030590914358675,40,EleutherAI_pythia-12b-deduped,12000000000.0,12.0,10.079181246047625
EleutherAI/pythia-12b-deduped,Pythia-12B-deduped,step32000,32000,67108864000,en,average_en_precomputed,24,43652.38555555555,pSTS,0.4271690322779853,0.0494973132699845,53,EleutherAI_pythia-12b-deduped,12000000000.0,12.0,10.079181246047625
EleutherAI/pythia-12b-deduped,Pythia-12B-deduped,step32000,32000,67108864000,en,average_en_precomputed,25,43652.38555555555,AG_TPJ,0.4377842999979367,0.0416827220093534,56,EleutherAI_pythia-12b-deduped,12000000000.0,12.0,10.079181246047625
EleutherAI/pythia-12b-deduped,Pythia-12B-deduped,step32000,32000,67108864000,en,average_en_precomputed,25,43652.38555555555,BA44,0.4464511433588094,0.0425354798349507,37,EleutherAI_pythia-12b-deduped,12000000000.0,12.0,10.079181246047625
EleutherAI/pythia-12b-deduped,Pythia-12B-deduped,step32000,32000,67108864000,en,average_en_precomputed,25,43652.38555555555,BA45,0.4969484270997145,0.0532044048486613,50,EleutherAI_pythia-12b-deduped,12000000000.0,12.0,10.079181246047625
EleutherAI/pythia-12b-deduped,Pythia-12B-deduped,step32000,32000,67108864000,en,average_en_precomputed,25,43652.38555555555,BA47,0.4272027906155743,0.0327982788524177,68,EleutherAI_pythia-12b-deduped,12000000000.0,12.0,10.079181246047625
EleutherAI/pythia-12b-deduped,Pythia-12B-deduped,step32000,32000,67108864000,en,average_en_precomputed,25,43652.38555555555,TP,0.4313132791104993,0.0493653412818806,32,EleutherAI_pythia-12b-deduped,12000000000.0,12.0,10.079181246047625
EleutherAI/pythia-12b-deduped,Pythia-12B-deduped,step32000,32000,67108864000,en,average_en_precomputed,25,43652.38555555555,aSTS,0.4126604856555111,0.0309610927367005,40,EleutherAI_pythia-12b-deduped,12000000000.0,12.0,10.079181246047625
EleutherAI/pythia-12b-deduped,Pythia-12B-deduped,step32000,32000,67108864000,en,average_en_precomputed,25,43652.38555555555,pSTS,0.4226726231219171,0.0498876865724118,53,EleutherAI_pythia-12b-deduped,12000000000.0,12.0,10.079181246047625
EleutherAI/pythia-12b-deduped,Pythia-12B-deduped,step32000,32000,67108864000,en,average_en_precomputed,26,43652.38555555555,AG_TPJ,0.4347874905278562,0.0425508926520408,56,EleutherAI_pythia-12b-deduped,12000000000.0,12.0,10.079181246047625
EleutherAI/pythia-12b-deduped,Pythia-12B-deduped,step32000,32000,67108864000,en,average_en_precomputed,26,43652.38555555555,BA44,0.4456040982367502,0.0429222903411102,37,EleutherAI_pythia-12b-deduped,12000000000.0,12.0,10.079181246047625
EleutherAI/pythia-12b-deduped,Pythia-12B-deduped,step32000,32000,67108864000,en,average_en_precomputed,26,43652.38555555555,BA45,0.495347572873304,0.0542184480517825,50,EleutherAI_pythia-12b-deduped,12000000000.0,12.0,10.079181246047625
EleutherAI/pythia-12b-deduped,Pythia-12B-deduped,step32000,32000,67108864000,en,average_en_precomputed,26,43652.38555555555,BA47,0.4242286908431504,0.0335736208641784,68,EleutherAI_pythia-12b-deduped,12000000000.0,12.0,10.079181246047625
EleutherAI/pythia-12b-deduped,Pythia-12B-deduped,step32000,32000,67108864000,en,average_en_precomputed,26,43652.38555555555,TP,0.4298975141997367,0.0489146263149632,32,EleutherAI_pythia-12b-deduped,12000000000.0,12.0,10.079181246047625
EleutherAI/pythia-12b-deduped,Pythia-12B-deduped,step32000,32000,67108864000,en,average_en_precomputed,26,43652.38555555555,aSTS,0.4119898315315619,0.0306283156015053,40,EleutherAI_pythia-12b-deduped,12000000000.0,12.0,10.079181246047625
EleutherAI/pythia-12b-deduped,Pythia-12B-deduped,step32000,32000,67108864000,en,average_en_precomputed,26,43652.38555555555,pSTS,0.4209841651040927,0.0484619245600995,53,EleutherAI_pythia-12b-deduped,12000000000.0,12.0,10.079181246047625
EleutherAI/pythia-12b-deduped,Pythia-12B-deduped,step32000,32000,67108864000,en,average_en_precomputed,27,43652.38555555555,AG_TPJ,0.4323859603086924,0.0426956624153092,56,EleutherAI_pythia-12b-deduped,12000000000.0,12.0,10.079181246047625
EleutherAI/pythia-12b-deduped,Pythia-12B-deduped,step32000,32000,67108864000,en,average_en_precomputed,27,43652.38555555555,BA44,0.4438707798980579,0.0432108307076527,37,EleutherAI_pythia-12b-deduped,12000000000.0,12.0,10.079181246047625
EleutherAI/pythia-12b-deduped,Pythia-12B-deduped,step32000,32000,67108864000,en,average_en_precomputed,27,43652.38555555555,BA45,0.4931226758854691,0.0541271610917674,50,EleutherAI_pythia-12b-deduped,12000000000.0,12.0,10.079181246047625
EleutherAI/pythia-12b-deduped,Pythia-12B-deduped,step32000,32000,67108864000,en,average_en_precomputed,27,43652.38555555555,BA47,0.4212101141167118,0.0337140473820183,68,EleutherAI_pythia-12b-deduped,12000000000.0,12.0,10.079181246047625
EleutherAI/pythia-12b-deduped,Pythia-12B-deduped,step32000,32000,67108864000,en,average_en_precomputed,27,43652.38555555555,TP,0.4295986576819138,0.0494917717760618,32,EleutherAI_pythia-12b-deduped,12000000000.0,12.0,10.079181246047625
EleutherAI/pythia-12b-deduped,Pythia-12B-deduped,step32000,32000,67108864000,en,average_en_precomputed,27,43652.38555555555,aSTS,0.4116734717415185,0.0310583171099194,40,EleutherAI_pythia-12b-deduped,12000000000.0,12.0,10.079181246047625
EleutherAI/pythia-12b-deduped,Pythia-12B-deduped,step32000,32000,67108864000,en,average_en_precomputed,27,43652.38555555555,pSTS,0.4196460732575814,0.0487387916951263,53,EleutherAI_pythia-12b-deduped,12000000000.0,12.0,10.079181246047625
EleutherAI/pythia-12b-deduped,Pythia-12B-deduped,step32000,32000,67108864000,en,average_en_precomputed,28,43652.38555555555,AG_TPJ,0.428901964216017,0.0432349287123848,56,EleutherAI_pythia-12b-deduped,12000000000.0,12.0,10.079181246047625
EleutherAI/pythia-12b-deduped,Pythia-12B-deduped,step32000,32000,67108864000,en,average_en_precomputed,28,43652.38555555555,BA44,0.4421982923794495,0.0432959171975607,37,EleutherAI_pythia-12b-deduped,12000000000.0,12.0,10.079181246047625
EleutherAI/pythia-12b-deduped,Pythia-12B-deduped,step32000,32000,67108864000,en,average_en_precomputed,28,43652.38555555555,BA45,0.4915577227513333,0.0540787518883813,50,EleutherAI_pythia-12b-deduped,12000000000.0,12.0,10.079181246047625
EleutherAI/pythia-12b-deduped,Pythia-12B-deduped,step32000,32000,67108864000,en,average_en_precomputed,28,43652.38555555555,BA47,0.4194472002157442,0.034245138842262,68,EleutherAI_pythia-12b-deduped,12000000000.0,12.0,10.079181246047625
EleutherAI/pythia-12b-deduped,Pythia-12B-deduped,step32000,32000,67108864000,en,average_en_precomputed,28,43652.38555555555,TP,0.4282569913420816,0.0496717762892291,32,EleutherAI_pythia-12b-deduped,12000000000.0,12.0,10.079181246047625
EleutherAI/pythia-12b-deduped,Pythia-12B-deduped,step32000,32000,67108864000,en,average_en_precomputed,28,43652.38555555555,aSTS,0.4101501115602221,0.0322676770996891,40,EleutherAI_pythia-12b-deduped,12000000000.0,12.0,10.079181246047625
EleutherAI/pythia-12b-deduped,Pythia-12B-deduped,step32000,32000,67108864000,en,average_en_precomputed,28,43652.38555555555,pSTS,0.4166918250042253,0.0494487552843047,53,EleutherAI_pythia-12b-deduped,12000000000.0,12.0,10.079181246047625
EleutherAI/pythia-12b-deduped,Pythia-12B-deduped,step32000,32000,67108864000,en,average_en_precomputed,29,43652.38555555555,AG_TPJ,0.4238240802529407,0.044573728945569,56,EleutherAI_pythia-12b-deduped,12000000000.0,12.0,10.079181246047625
EleutherAI/pythia-12b-deduped,Pythia-12B-deduped,step32000,32000,67108864000,en,average_en_precomputed,29,43652.38555555555,BA44,0.4392425929532438,0.0428374107755148,37,EleutherAI_pythia-12b-deduped,12000000000.0,12.0,10.079181246047625
EleutherAI/pythia-12b-deduped,Pythia-12B-deduped,step32000,32000,67108864000,en,average_en_precomputed,29,43652.38555555555,BA45,0.4890618315733123,0.0545248901362841,50,EleutherAI_pythia-12b-deduped,12000000000.0,12.0,10.079181246047625
EleutherAI/pythia-12b-deduped,Pythia-12B-deduped,step32000,32000,67108864000,en,average_en_precomputed,29,43652.38555555555,BA47,0.4151778545200354,0.0347471568212202,68,EleutherAI_pythia-12b-deduped,12000000000.0,12.0,10.079181246047625
EleutherAI/pythia-12b-deduped,Pythia-12B-deduped,step32000,32000,67108864000,en,average_en_precomputed,29,43652.38555555555,TP,0.425195279356043,0.0498840506566867,32,EleutherAI_pythia-12b-deduped,12000000000.0,12.0,10.079181246047625
EleutherAI/pythia-12b-deduped,Pythia-12B-deduped,step32000,32000,67108864000,en,average_en_precomputed,29,43652.38555555555,aSTS,0.4061228708605139,0.0321726594242388,40,EleutherAI_pythia-12b-deduped,12000000000.0,12.0,10.079181246047625
EleutherAI/pythia-12b-deduped,Pythia-12B-deduped,step32000,32000,67108864000,en,average_en_precomputed,29,43652.38555555555,pSTS,0.4137884181896207,0.0494798686459439,53,EleutherAI_pythia-12b-deduped,12000000000.0,12.0,10.079181246047625
EleutherAI/pythia-12b-deduped,Pythia-12B-deduped,step32000,32000,67108864000,en,average_en_precomputed,30,43652.38555555555,AG_TPJ,0.4180663686668986,0.0456394562032295,56,EleutherAI_pythia-12b-deduped,12000000000.0,12.0,10.079181246047625
EleutherAI/pythia-12b-deduped,Pythia-12B-deduped,step32000,32000,67108864000,en,average_en_precomputed,30,43652.38555555555,BA44,0.4359373251413156,0.0428681149111663,37,EleutherAI_pythia-12b-deduped,12000000000.0,12.0,10.079181246047625
EleutherAI/pythia-12b-deduped,Pythia-12B-deduped,step32000,32000,67108864000,en,average_en_precomputed,30,43652.38555555555,BA45,0.4852779265069232,0.054963445329226,50,EleutherAI_pythia-12b-deduped,12000000000.0,12.0,10.079181246047625
EleutherAI/pythia-12b-deduped,Pythia-12B-deduped,step32000,32000,67108864000,en,average_en_precomputed,30,43652.38555555555,BA47,0.4126536269183198,0.0346329314675646,68,EleutherAI_pythia-12b-deduped,12000000000.0,12.0,10.079181246047625
EleutherAI/pythia-12b-deduped,Pythia-12B-deduped,step32000,32000,67108864000,en,average_en_precomputed,30,43652.38555555555,TP,0.4233318161308724,0.0494534905111826,32,EleutherAI_pythia-12b-deduped,12000000000.0,12.0,10.079181246047625
EleutherAI/pythia-12b-deduped,Pythia-12B-deduped,step32000,32000,67108864000,en,average_en_precomputed,30,43652.38555555555,aSTS,0.4014182312673389,0.0327961686245418,40,EleutherAI_pythia-12b-deduped,12000000000.0,12.0,10.079181246047625
EleutherAI/pythia-12b-deduped,Pythia-12B-deduped,step32000,32000,67108864000,en,average_en_precomputed,30,43652.38555555555,pSTS,0.4077419035201189,0.0502108461255083,53,EleutherAI_pythia-12b-deduped,12000000000.0,12.0,10.079181246047625
EleutherAI/pythia-12b-deduped,Pythia-12B-deduped,step32000,32000,67108864000,en,average_en_precomputed,31,43652.38555555555,AG_TPJ,0.4152634280984568,0.0464807868191878,56,EleutherAI_pythia-12b-deduped,12000000000.0,12.0,10.079181246047625
EleutherAI/pythia-12b-deduped,Pythia-12B-deduped,step32000,32000,67108864000,en,average_en_precomputed,31,43652.38555555555,BA44,0.4352237224003636,0.0430239485030871,37,EleutherAI_pythia-12b-deduped,12000000000.0,12.0,10.079181246047625
EleutherAI/pythia-12b-deduped,Pythia-12B-deduped,step32000,32000,67108864000,en,average_en_precomputed,31,43652.38555555555,BA45,0.4837705641629041,0.0552205451925692,50,EleutherAI_pythia-12b-deduped,12000000000.0,12.0,10.079181246047625
EleutherAI/pythia-12b-deduped,Pythia-12B-deduped,step32000,32000,67108864000,en,average_en_precomputed,31,43652.38555555555,BA47,0.4107161323122721,0.0344946342103084,68,EleutherAI_pythia-12b-deduped,12000000000.0,12.0,10.079181246047625
EleutherAI/pythia-12b-deduped,Pythia-12B-deduped,step32000,32000,67108864000,en,average_en_precomputed,31,43652.38555555555,TP,0.4220715139700185,0.0492844886689802,32,EleutherAI_pythia-12b-deduped,12000000000.0,12.0,10.079181246047625
EleutherAI/pythia-12b-deduped,Pythia-12B-deduped,step32000,32000,67108864000,en,average_en_precomputed,31,43652.38555555555,aSTS,0.3981374543894372,0.0328737530572732,40,EleutherAI_pythia-12b-deduped,12000000000.0,12.0,10.079181246047625
EleutherAI/pythia-12b-deduped,Pythia-12B-deduped,step32000,32000,67108864000,en,average_en_precomputed,31,43652.38555555555,pSTS,0.4049398281857055,0.0509587637106111,53,EleutherAI_pythia-12b-deduped,12000000000.0,12.0,10.079181246047625
EleutherAI/pythia-12b-deduped,Pythia-12B-deduped,step32000,32000,67108864000,en,average_en_precomputed,32,43652.38555555555,AG_TPJ,0.4128130808851604,0.0463696786909063,56,EleutherAI_pythia-12b-deduped,12000000000.0,12.0,10.079181246047625
EleutherAI/pythia-12b-deduped,Pythia-12B-deduped,step32000,32000,67108864000,en,average_en_precomputed,32,43652.38555555555,BA44,0.4354916133086139,0.0425928394763143,37,EleutherAI_pythia-12b-deduped,12000000000.0,12.0,10.079181246047625
EleutherAI/pythia-12b-deduped,Pythia-12B-deduped,step32000,32000,67108864000,en,average_en_precomputed,32,43652.38555555555,BA45,0.4833221389949106,0.0553612042264709,50,EleutherAI_pythia-12b-deduped,12000000000.0,12.0,10.079181246047625
EleutherAI/pythia-12b-deduped,Pythia-12B-deduped,step32000,32000,67108864000,en,average_en_precomputed,32,43652.38555555555,BA47,0.4100378832139616,0.0345305404100673,68,EleutherAI_pythia-12b-deduped,12000000000.0,12.0,10.079181246047625
EleutherAI/pythia-12b-deduped,Pythia-12B-deduped,step32000,32000,67108864000,en,average_en_precomputed,32,43652.38555555555,TP,0.4209082560900768,0.0488534410747935,32,EleutherAI_pythia-12b-deduped,12000000000.0,12.0,10.079181246047625
EleutherAI/pythia-12b-deduped,Pythia-12B-deduped,step32000,32000,67108864000,en,average_en_precomputed,32,43652.38555555555,aSTS,0.3965323580588301,0.0323640749488711,40,EleutherAI_pythia-12b-deduped,12000000000.0,12.0,10.079181246047625
EleutherAI/pythia-12b-deduped,Pythia-12B-deduped,step32000,32000,67108864000,en,average_en_precomputed,32,43652.38555555555,pSTS,0.4040248220193617,0.0506151470310832,53,EleutherAI_pythia-12b-deduped,12000000000.0,12.0,10.079181246047625
EleutherAI/pythia-12b-deduped,Pythia-12B-deduped,step32000,32000,67108864000,en,average_en_precomputed,33,43652.38555555555,AG_TPJ,0.4104138400889123,0.0458893920940767,56,EleutherAI_pythia-12b-deduped,12000000000.0,12.0,10.079181246047625
EleutherAI/pythia-12b-deduped,Pythia-12B-deduped,step32000,32000,67108864000,en,average_en_precomputed,33,43652.38555555555,BA44,0.4358726912360806,0.0425674272369791,37,EleutherAI_pythia-12b-deduped,12000000000.0,12.0,10.079181246047625
EleutherAI/pythia-12b-deduped,Pythia-12B-deduped,step32000,32000,67108864000,en,average_en_precomputed,33,43652.38555555555,BA45,0.4833030730235721,0.0548136965953752,50,EleutherAI_pythia-12b-deduped,12000000000.0,12.0,10.079181246047625
EleutherAI/pythia-12b-deduped,Pythia-12B-deduped,step32000,32000,67108864000,en,average_en_precomputed,33,43652.38555555555,BA47,0.4103045397217089,0.0342792007449272,68,EleutherAI_pythia-12b-deduped,12000000000.0,12.0,10.079181246047625
EleutherAI/pythia-12b-deduped,Pythia-12B-deduped,step32000,32000,67108864000,en,average_en_precomputed,33,43652.38555555555,TP,0.420977018946823,0.0482800331138137,32,EleutherAI_pythia-12b-deduped,12000000000.0,12.0,10.079181246047625
EleutherAI/pythia-12b-deduped,Pythia-12B-deduped,step32000,32000,67108864000,en,average_en_precomputed,33,43652.38555555555,aSTS,0.3941043551149986,0.0329341124236075,40,EleutherAI_pythia-12b-deduped,12000000000.0,12.0,10.079181246047625
EleutherAI/pythia-12b-deduped,Pythia-12B-deduped,step32000,32000,67108864000,en,average_en_precomputed,33,43652.38555555555,pSTS,0.4019961431937869,0.0507153119349691,53,EleutherAI_pythia-12b-deduped,12000000000.0,12.0,10.079181246047625
EleutherAI/pythia-12b-deduped,Pythia-12B-deduped,step32000,32000,67108864000,en,average_en_precomputed,34,43652.38555555555,AG_TPJ,0.4077777281211949,0.0463121356780807,56,EleutherAI_pythia-12b-deduped,12000000000.0,12.0,10.079181246047625
EleutherAI/pythia-12b-deduped,Pythia-12B-deduped,step32000,32000,67108864000,en,average_en_precomputed,34,43652.38555555555,BA44,0.4344606392882656,0.0427975017949271,37,EleutherAI_pythia-12b-deduped,12000000000.0,12.0,10.079181246047625
EleutherAI/pythia-12b-deduped,Pythia-12B-deduped,step32000,32000,67108864000,en,average_en_precomputed,34,43652.38555555555,BA45,0.4820690973364842,0.0548906523443732,50,EleutherAI_pythia-12b-deduped,12000000000.0,12.0,10.079181246047625
EleutherAI/pythia-12b-deduped,Pythia-12B-deduped,step32000,32000,67108864000,en,average_en_precomputed,34,43652.38555555555,BA47,0.4091833227932068,0.0346763569346832,68,EleutherAI_pythia-12b-deduped,12000000000.0,12.0,10.079181246047625
EleutherAI/pythia-12b-deduped,Pythia-12B-deduped,step32000,32000,67108864000,en,average_en_precomputed,34,43652.38555555555,TP,0.4209590430518991,0.0481550190030242,32,EleutherAI_pythia-12b-deduped,12000000000.0,12.0,10.079181246047625
EleutherAI/pythia-12b-deduped,Pythia-12B-deduped,step32000,32000,67108864000,en,average_en_precomputed,34,43652.38555555555,aSTS,0.3924580056593405,0.0333396759089195,40,EleutherAI_pythia-12b-deduped,12000000000.0,12.0,10.079181246047625
EleutherAI/pythia-12b-deduped,Pythia-12B-deduped,step32000,32000,67108864000,en,average_en_precomputed,34,43652.38555555555,pSTS,0.3996469861176067,0.0506207495155176,53,EleutherAI_pythia-12b-deduped,12000000000.0,12.0,10.079181246047625
EleutherAI/pythia-12b-deduped,Pythia-12B-deduped,step32000,32000,67108864000,en,average_en_precomputed,35,43652.38555555555,AG_TPJ,0.406304162673179,0.0460831505937482,56,EleutherAI_pythia-12b-deduped,12000000000.0,12.0,10.079181246047625
EleutherAI/pythia-12b-deduped,Pythia-12B-deduped,step32000,32000,67108864000,en,average_en_precomputed,35,43652.38555555555,BA44,0.4341869108393011,0.0430743592366493,37,EleutherAI_pythia-12b-deduped,12000000000.0,12.0,10.079181246047625
EleutherAI/pythia-12b-deduped,Pythia-12B-deduped,step32000,32000,67108864000,en,average_en_precomputed,35,43652.38555555555,BA45,0.4824461985287162,0.055056533540885,50,EleutherAI_pythia-12b-deduped,12000000000.0,12.0,10.079181246047625
EleutherAI/pythia-12b-deduped,Pythia-12B-deduped,step32000,32000,67108864000,en,average_en_precomputed,35,43652.38555555555,BA47,0.4090935045299224,0.0348423359084522,68,EleutherAI_pythia-12b-deduped,12000000000.0,12.0,10.079181246047625
EleutherAI/pythia-12b-deduped,Pythia-12B-deduped,step32000,32000,67108864000,en,average_en_precomputed,35,43652.38555555555,TP,0.4207986918425903,0.0480491912362041,32,EleutherAI_pythia-12b-deduped,12000000000.0,12.0,10.079181246047625
EleutherAI/pythia-12b-deduped,Pythia-12B-deduped,step32000,32000,67108864000,en,average_en_precomputed,35,43652.38555555555,aSTS,0.3917552678513781,0.0332611158415311,40,EleutherAI_pythia-12b-deduped,12000000000.0,12.0,10.079181246047625
EleutherAI/pythia-12b-deduped,Pythia-12B-deduped,step32000,32000,67108864000,en,average_en_precomputed,35,43652.38555555555,pSTS,0.3992036250121063,0.0503363834831133,53,EleutherAI_pythia-12b-deduped,12000000000.0,12.0,10.079181246047625
EleutherAI/pythia-12b-deduped,Pythia-12B-deduped,step32000,32000,67108864000,en,average_en_precomputed,36,40888.88111111111,AG_TPJ,0.4029435110962528,0.0465548132569724,56,EleutherAI_pythia-12b-deduped,12000000000.0,12.0,10.079181246047625
EleutherAI/pythia-12b-deduped,Pythia-12B-deduped,step32000,32000,67108864000,en,average_en_precomputed,36,40888.88111111111,BA44,0.4359179200334961,0.043725797937707,37,EleutherAI_pythia-12b-deduped,12000000000.0,12.0,10.079181246047625
EleutherAI/pythia-12b-deduped,Pythia-12B-deduped,step32000,32000,67108864000,en,average_en_precomputed,36,40888.88111111111,BA45,0.4813485005989084,0.0561195093683495,50,EleutherAI_pythia-12b-deduped,12000000000.0,12.0,10.079181246047625
EleutherAI/pythia-12b-deduped,Pythia-12B-deduped,step32000,32000,67108864000,en,average_en_precomputed,36,40888.88111111111,BA47,0.4068833659143247,0.0357493402579038,68,EleutherAI_pythia-12b-deduped,12000000000.0,12.0,10.079181246047625
EleutherAI/pythia-12b-deduped,Pythia-12B-deduped,step32000,32000,67108864000,en,average_en_precomputed,36,40888.88111111111,TP,0.4208263800212029,0.0485869534230343,32,EleutherAI_pythia-12b-deduped,12000000000.0,12.0,10.079181246047625
EleutherAI/pythia-12b-deduped,Pythia-12B-deduped,step32000,32000,67108864000,en,average_en_precomputed,36,40888.88111111111,aSTS,0.3902471704636661,0.0325544716063613,40,EleutherAI_pythia-12b-deduped,12000000000.0,12.0,10.079181246047625
EleutherAI/pythia-12b-deduped,Pythia-12B-deduped,step32000,32000,67108864000,en,average_en_precomputed,36,40888.88111111111,pSTS,0.3983178510550244,0.0501967134412687,53,EleutherAI_pythia-12b-deduped,12000000000.0,12.0,10.079181246047625
EleutherAI/pythia-1b-deduped,Pythia-1B-deduped,step143000,143000,299892736000,en,average_en_precomputed,0,40888.88111111111,AG_TPJ,0.2092616854273387,0.0534621513323315,56,EleutherAI_pythia-1b-deduped,1000000000.0,1.0,9.0
EleutherAI/pythia-1b-deduped,Pythia-1B-deduped,step143000,143000,299892736000,en,average_en_precomputed,0,40888.88111111111,BA44,0.2687849050702858,0.0452670752712219,37,EleutherAI_pythia-1b-deduped,1000000000.0,1.0,9.0
EleutherAI/pythia-1b-deduped,Pythia-1B-deduped,step143000,143000,299892736000,en,average_en_precomputed,0,40888.88111111111,BA45,0.3035503463738525,0.0617611915888235,50,EleutherAI_pythia-1b-deduped,1000000000.0,1.0,9.0
EleutherAI/pythia-1b-deduped,Pythia-1B-deduped,step143000,143000,299892736000,en,average_en_precomputed,0,40888.88111111111,BA47,0.2524798287069134,0.0435625009546032,68,EleutherAI_pythia-1b-deduped,1000000000.0,1.0,9.0
EleutherAI/pythia-1b-deduped,Pythia-1B-deduped,step143000,143000,299892736000,en,average_en_precomputed,0,40888.88111111111,TP,0.2744121234503672,0.0443955379665755,32,EleutherAI_pythia-1b-deduped,1000000000.0,1.0,9.0
EleutherAI/pythia-1b-deduped,Pythia-1B-deduped,step143000,143000,299892736000,en,average_en_precomputed,0,40888.88111111111,aSTS,0.1964692838713866,0.0418554456806418,40,EleutherAI_pythia-1b-deduped,1000000000.0,1.0,9.0
EleutherAI/pythia-1b-deduped,Pythia-1B-deduped,step143000,143000,299892736000,en,average_en_precomputed,0,40888.88111111111,pSTS,0.2253985140234532,0.0442799674550608,53,EleutherAI_pythia-1b-deduped,1000000000.0,1.0,9.0
EleutherAI/pythia-1b-deduped,Pythia-1B-deduped,step143000,143000,299892736000,en,average_en_precomputed,1,32598.36777777777,AG_TPJ,0.2401567992862273,0.0520113539662488,56,EleutherAI_pythia-1b-deduped,1000000000.0,1.0,9.0
EleutherAI/pythia-1b-deduped,Pythia-1B-deduped,step143000,143000,299892736000,en,average_en_precomputed,1,32598.36777777777,BA44,0.2951157708303444,0.0454737157681913,37,EleutherAI_pythia-1b-deduped,1000000000.0,1.0,9.0
EleutherAI/pythia-1b-deduped,Pythia-1B-deduped,step143000,143000,299892736000,en,average_en_precomputed,1,32598.36777777777,BA45,0.3392550238796831,0.0646059146861467,50,EleutherAI_pythia-1b-deduped,1000000000.0,1.0,9.0
EleutherAI/pythia-1b-deduped,Pythia-1B-deduped,step143000,143000,299892736000,en,average_en_precomputed,1,32598.36777777777,BA47,0.2884068812351781,0.0421320120480235,68,EleutherAI_pythia-1b-deduped,1000000000.0,1.0,9.0
EleutherAI/pythia-1b-deduped,Pythia-1B-deduped,step143000,143000,299892736000,en,average_en_precomputed,1,32598.36777777777,TP,0.303459265109017,0.0484219360231641,32,EleutherAI_pythia-1b-deduped,1000000000.0,1.0,9.0
EleutherAI/pythia-1b-deduped,Pythia-1B-deduped,step143000,143000,299892736000,en,average_en_precomputed,1,32598.36777777777,aSTS,0.2496770592258914,0.0311389539128874,40,EleutherAI_pythia-1b-deduped,1000000000.0,1.0,9.0
EleutherAI/pythia-1b-deduped,Pythia-1B-deduped,step143000,143000,299892736000,en,average_en_precomputed,1,32598.36777777777,pSTS,0.267362036227706,0.0410443993670655,53,EleutherAI_pythia-1b-deduped,1000000000.0,1.0,9.0
EleutherAI/pythia-1b-deduped,Pythia-1B-deduped,step143000,143000,299892736000,en,average_en_precomputed,2,43652.38555555555,AG_TPJ,0.2612718835307894,0.056702624475119,56,EleutherAI_pythia-1b-deduped,1000000000.0,1.0,9.0
EleutherAI/pythia-1b-deduped,Pythia-1B-deduped,step143000,143000,299892736000,en,average_en_precomputed,2,43652.38555555555,BA44,0.3192435951255674,0.0494890326602149,37,EleutherAI_pythia-1b-deduped,1000000000.0,1.0,9.0
EleutherAI/pythia-1b-deduped,Pythia-1B-deduped,step143000,143000,299892736000,en,average_en_precomputed,2,43652.38555555555,BA45,0.3677451296858093,0.0614766544279286,50,EleutherAI_pythia-1b-deduped,1000000000.0,1.0,9.0
EleutherAI/pythia-1b-deduped,Pythia-1B-deduped,step143000,143000,299892736000,en,average_en_precomputed,2,43652.38555555555,BA47,0.3074876635315224,0.0394767042304243,68,EleutherAI_pythia-1b-deduped,1000000000.0,1.0,9.0
EleutherAI/pythia-1b-deduped,Pythia-1B-deduped,step143000,143000,299892736000,en,average_en_precomputed,2,43652.38555555555,TP,0.3285450772121101,0.0478047147926053,32,EleutherAI_pythia-1b-deduped,1000000000.0,1.0,9.0
EleutherAI/pythia-1b-deduped,Pythia-1B-deduped,step143000,143000,299892736000,en,average_en_precomputed,2,43652.38555555555,aSTS,0.2737602248091111,0.0270695193517259,40,EleutherAI_pythia-1b-deduped,1000000000.0,1.0,9.0
EleutherAI/pythia-1b-deduped,Pythia-1B-deduped,step143000,143000,299892736000,en,average_en_precomputed,2,43652.38555555555,pSTS,0.29345327685498,0.0394464105779307,53,EleutherAI_pythia-1b-deduped,1000000000.0,1.0,9.0
EleutherAI/pythia-1b-deduped,Pythia-1B-deduped,step143000,143000,299892736000,en,average_en_precomputed,3,24307.85444444444,AG_TPJ,0.3008303201130481,0.0581779690092578,56,EleutherAI_pythia-1b-deduped,1000000000.0,1.0,9.0
EleutherAI/pythia-1b-deduped,Pythia-1B-deduped,step143000,143000,299892736000,en,average_en_precomputed,3,24307.85444444444,BA44,0.3563216822710537,0.0475948669415116,37,EleutherAI_pythia-1b-deduped,1000000000.0,1.0,9.0
EleutherAI/pythia-1b-deduped,Pythia-1B-deduped,step143000,143000,299892736000,en,average_en_precomputed,3,24307.85444444444,BA45,0.4032247304241111,0.0573981512773496,50,EleutherAI_pythia-1b-deduped,1000000000.0,1.0,9.0
EleutherAI/pythia-1b-deduped,Pythia-1B-deduped,step143000,143000,299892736000,en,average_en_precomputed,3,24307.85444444444,BA47,0.3505430995552403,0.0366397098333918,68,EleutherAI_pythia-1b-deduped,1000000000.0,1.0,9.0
EleutherAI/pythia-1b-deduped,Pythia-1B-deduped,step143000,143000,299892736000,en,average_en_precomputed,3,24307.85444444444,TP,0.3657712916474621,0.0462364827825628,32,EleutherAI_pythia-1b-deduped,1000000000.0,1.0,9.0
EleutherAI/pythia-1b-deduped,Pythia-1B-deduped,step143000,143000,299892736000,en,average_en_precomputed,3,24307.85444444444,aSTS,0.3163171874582526,0.0251749146320312,40,EleutherAI_pythia-1b-deduped,1000000000.0,1.0,9.0
EleutherAI/pythia-1b-deduped,Pythia-1B-deduped,step143000,143000,299892736000,en,average_en_precomputed,3,24307.85444444444,pSTS,0.334830779586832,0.0406618647312683,53,EleutherAI_pythia-1b-deduped,1000000000.0,1.0,9.0
EleutherAI/pythia-1b-deduped,Pythia-1B-deduped,step143000,143000,299892736000,en,average_en_precomputed,4,24307.85444444444,AG_TPJ,0.3372440446076011,0.0617725026137092,56,EleutherAI_pythia-1b-deduped,1000000000.0,1.0,9.0
EleutherAI/pythia-1b-deduped,Pythia-1B-deduped,step143000,143000,299892736000,en,average_en_precomputed,4,24307.85444444444,BA44,0.3782058117134507,0.0497552238980931,37,EleutherAI_pythia-1b-deduped,1000000000.0,1.0,9.0
EleutherAI/pythia-1b-deduped,Pythia-1B-deduped,step143000,143000,299892736000,en,average_en_precomputed,4,24307.85444444444,BA45,0.4274986526163628,0.063433047216047,50,EleutherAI_pythia-1b-deduped,1000000000.0,1.0,9.0
EleutherAI/pythia-1b-deduped,Pythia-1B-deduped,step143000,143000,299892736000,en,average_en_precomputed,4,24307.85444444444,BA47,0.3803652582078511,0.0382419693409222,68,EleutherAI_pythia-1b-deduped,1000000000.0,1.0,9.0
EleutherAI/pythia-1b-deduped,Pythia-1B-deduped,step143000,143000,299892736000,en,average_en_precomputed,4,24307.85444444444,TP,0.3881705979125729,0.0472206690332865,32,EleutherAI_pythia-1b-deduped,1000000000.0,1.0,9.0
EleutherAI/pythia-1b-deduped,Pythia-1B-deduped,step143000,143000,299892736000,en,average_en_precomputed,4,24307.85444444444,aSTS,0.3517620417326664,0.0270496143217346,40,EleutherAI_pythia-1b-deduped,1000000000.0,1.0,9.0
EleutherAI/pythia-1b-deduped,Pythia-1B-deduped,step143000,143000,299892736000,en,average_en_precomputed,4,24307.85444444444,pSTS,0.3524976556485873,0.0403063563895682,53,EleutherAI_pythia-1b-deduped,1000000000.0,1.0,9.0
EleutherAI/pythia-1b-deduped,Pythia-1B-deduped,step143000,143000,299892736000,en,average_en_precomputed,5,21544.35,AG_TPJ,0.3597063353473484,0.0586220876352295,56,EleutherAI_pythia-1b-deduped,1000000000.0,1.0,9.0
EleutherAI/pythia-1b-deduped,Pythia-1B-deduped,step143000,143000,299892736000,en,average_en_precomputed,5,21544.35,BA44,0.3950822046865108,0.0479088500932027,37,EleutherAI_pythia-1b-deduped,1000000000.0,1.0,9.0
EleutherAI/pythia-1b-deduped,Pythia-1B-deduped,step143000,143000,299892736000,en,average_en_precomputed,5,21544.35,BA45,0.4411109381879466,0.0617201311348809,50,EleutherAI_pythia-1b-deduped,1000000000.0,1.0,9.0
EleutherAI/pythia-1b-deduped,Pythia-1B-deduped,step143000,143000,299892736000,en,average_en_precomputed,5,21544.35,BA47,0.3937473056913671,0.0368308289376026,68,EleutherAI_pythia-1b-deduped,1000000000.0,1.0,9.0
EleutherAI/pythia-1b-deduped,Pythia-1B-deduped,step143000,143000,299892736000,en,average_en_precomputed,5,21544.35,TP,0.4049983330011377,0.0478464301238696,32,EleutherAI_pythia-1b-deduped,1000000000.0,1.0,9.0
EleutherAI/pythia-1b-deduped,Pythia-1B-deduped,step143000,143000,299892736000,en,average_en_precomputed,5,21544.35,aSTS,0.3713892863905846,0.0252009923299659,40,EleutherAI_pythia-1b-deduped,1000000000.0,1.0,9.0
EleutherAI/pythia-1b-deduped,Pythia-1B-deduped,step143000,143000,299892736000,en,average_en_precomputed,5,21544.35,pSTS,0.3762834249757685,0.0409927574386412,53,EleutherAI_pythia-1b-deduped,1000000000.0,1.0,9.0
EleutherAI/pythia-1b-deduped,Pythia-1B-deduped,step143000,143000,299892736000,en,average_en_precomputed,6,21544.35,AG_TPJ,0.3544881137194091,0.0582171026771684,56,EleutherAI_pythia-1b-deduped,1000000000.0,1.0,9.0
EleutherAI/pythia-1b-deduped,Pythia-1B-deduped,step143000,143000,299892736000,en,average_en_precomputed,6,21544.35,BA44,0.4047081029617666,0.0474641975920906,37,EleutherAI_pythia-1b-deduped,1000000000.0,1.0,9.0
EleutherAI/pythia-1b-deduped,Pythia-1B-deduped,step143000,143000,299892736000,en,average_en_precomputed,6,21544.35,BA45,0.44656528072598,0.0651374970686589,50,EleutherAI_pythia-1b-deduped,1000000000.0,1.0,9.0
EleutherAI/pythia-1b-deduped,Pythia-1B-deduped,step143000,143000,299892736000,en,average_en_precomputed,6,21544.35,BA47,0.3903054906954065,0.0372592617189454,68,EleutherAI_pythia-1b-deduped,1000000000.0,1.0,9.0
EleutherAI/pythia-1b-deduped,Pythia-1B-deduped,step143000,143000,299892736000,en,average_en_precomputed,6,21544.35,TP,0.3978420155286681,0.045684439733439,32,EleutherAI_pythia-1b-deduped,1000000000.0,1.0,9.0
EleutherAI/pythia-1b-deduped,Pythia-1B-deduped,step143000,143000,299892736000,en,average_en_precomputed,6,21544.35,aSTS,0.3633657577524016,0.0255361644343406,40,EleutherAI_pythia-1b-deduped,1000000000.0,1.0,9.0
EleutherAI/pythia-1b-deduped,Pythia-1B-deduped,step143000,143000,299892736000,en,average_en_precomputed,6,21544.35,pSTS,0.3729328550629771,0.0405588625382392,53,EleutherAI_pythia-1b-deduped,1000000000.0,1.0,9.0
EleutherAI/pythia-1b-deduped,Pythia-1B-deduped,step143000,143000,299892736000,en,average_en_precomputed,7,24307.85444444444,AG_TPJ,0.381012983130305,0.0550429707492696,56,EleutherAI_pythia-1b-deduped,1000000000.0,1.0,9.0
EleutherAI/pythia-1b-deduped,Pythia-1B-deduped,step143000,143000,299892736000,en,average_en_precomputed,7,24307.85444444444,BA44,0.423497132370675,0.0460935949506526,37,EleutherAI_pythia-1b-deduped,1000000000.0,1.0,9.0
EleutherAI/pythia-1b-deduped,Pythia-1B-deduped,step143000,143000,299892736000,en,average_en_precomputed,7,24307.85444444444,BA45,0.467427434065002,0.0652523117715644,50,EleutherAI_pythia-1b-deduped,1000000000.0,1.0,9.0
EleutherAI/pythia-1b-deduped,Pythia-1B-deduped,step143000,143000,299892736000,en,average_en_precomputed,7,24307.85444444444,BA47,0.4063224843175321,0.0383118667853448,68,EleutherAI_pythia-1b-deduped,1000000000.0,1.0,9.0
EleutherAI/pythia-1b-deduped,Pythia-1B-deduped,step143000,143000,299892736000,en,average_en_precomputed,7,24307.85444444444,TP,0.4130941973549967,0.0472851964495439,32,EleutherAI_pythia-1b-deduped,1000000000.0,1.0,9.0
EleutherAI/pythia-1b-deduped,Pythia-1B-deduped,step143000,143000,299892736000,en,average_en_precomputed,7,24307.85444444444,aSTS,0.3826370974681996,0.0226558393419232,40,EleutherAI_pythia-1b-deduped,1000000000.0,1.0,9.0
EleutherAI/pythia-1b-deduped,Pythia-1B-deduped,step143000,143000,299892736000,en,average_en_precomputed,7,24307.85444444444,pSTS,0.3978884525109406,0.0432325292978899,53,EleutherAI_pythia-1b-deduped,1000000000.0,1.0,9.0
EleutherAI/pythia-1b-deduped,Pythia-1B-deduped,step143000,143000,299892736000,en,average_en_precomputed,8,29834.863333333327,AG_TPJ,0.3954656230688944,0.0531202940053177,56,EleutherAI_pythia-1b-deduped,1000000000.0,1.0,9.0
EleutherAI/pythia-1b-deduped,Pythia-1B-deduped,step143000,143000,299892736000,en,average_en_precomputed,8,29834.863333333327,BA44,0.4370500848146083,0.0427028369488838,37,EleutherAI_pythia-1b-deduped,1000000000.0,1.0,9.0
EleutherAI/pythia-1b-deduped,Pythia-1B-deduped,step143000,143000,299892736000,en,average_en_precomputed,8,29834.863333333327,BA45,0.4827008743196742,0.05982622006486,50,EleutherAI_pythia-1b-deduped,1000000000.0,1.0,9.0
EleutherAI/pythia-1b-deduped,Pythia-1B-deduped,step143000,143000,299892736000,en,average_en_precomputed,8,29834.863333333327,BA47,0.424407130914388,0.0330417587347331,68,EleutherAI_pythia-1b-deduped,1000000000.0,1.0,9.0
EleutherAI/pythia-1b-deduped,Pythia-1B-deduped,step143000,143000,299892736000,en,average_en_precomputed,8,29834.863333333327,TP,0.4274005686143175,0.0468632739430938,32,EleutherAI_pythia-1b-deduped,1000000000.0,1.0,9.0
EleutherAI/pythia-1b-deduped,Pythia-1B-deduped,step143000,143000,299892736000,en,average_en_precomputed,8,29834.863333333327,aSTS,0.3913380595748924,0.022649934069222,40,EleutherAI_pythia-1b-deduped,1000000000.0,1.0,9.0
EleutherAI/pythia-1b-deduped,Pythia-1B-deduped,step143000,143000,299892736000,en,average_en_precomputed,8,29834.863333333327,pSTS,0.4082695807730338,0.0451601497565342,53,EleutherAI_pythia-1b-deduped,1000000000.0,1.0,9.0
EleutherAI/pythia-1b-deduped,Pythia-1B-deduped,step143000,143000,299892736000,en,average_en_precomputed,9,29834.863333333327,AG_TPJ,0.4079572401476882,0.0518858144144671,56,EleutherAI_pythia-1b-deduped,1000000000.0,1.0,9.0
EleutherAI/pythia-1b-deduped,Pythia-1B-deduped,step143000,143000,299892736000,en,average_en_precomputed,9,29834.863333333327,BA44,0.4425324051730812,0.0426189005702372,37,EleutherAI_pythia-1b-deduped,1000000000.0,1.0,9.0
EleutherAI/pythia-1b-deduped,Pythia-1B-deduped,step143000,143000,299892736000,en,average_en_precomputed,9,29834.863333333327,BA45,0.4875298682383892,0.0594077486715618,50,EleutherAI_pythia-1b-deduped,1000000000.0,1.0,9.0
EleutherAI/pythia-1b-deduped,Pythia-1B-deduped,step143000,143000,299892736000,en,average_en_precomputed,9,29834.863333333327,BA47,0.42299618936555,0.0363529835990672,68,EleutherAI_pythia-1b-deduped,1000000000.0,1.0,9.0
EleutherAI/pythia-1b-deduped,Pythia-1B-deduped,step143000,143000,299892736000,en,average_en_precomputed,9,29834.863333333327,TP,0.4279737551339594,0.0491521262751175,32,EleutherAI_pythia-1b-deduped,1000000000.0,1.0,9.0
EleutherAI/pythia-1b-deduped,Pythia-1B-deduped,step143000,143000,299892736000,en,average_en_precomputed,9,29834.863333333327,aSTS,0.3939395027542848,0.0261701109075738,40,EleutherAI_pythia-1b-deduped,1000000000.0,1.0,9.0
EleutherAI/pythia-1b-deduped,Pythia-1B-deduped,step143000,143000,299892736000,en,average_en_precomputed,9,29834.863333333327,pSTS,0.411038484374932,0.0462929152945728,53,EleutherAI_pythia-1b-deduped,1000000000.0,1.0,9.0
EleutherAI/pythia-1b-deduped,Pythia-1B-deduped,step143000,143000,299892736000,en,average_en_precomputed,10,27071.358888888888,AG_TPJ,0.4042728677818888,0.0519809847696113,56,EleutherAI_pythia-1b-deduped,1000000000.0,1.0,9.0
EleutherAI/pythia-1b-deduped,Pythia-1B-deduped,step143000,143000,299892736000,en,average_en_precomputed,10,27071.358888888888,BA44,0.4400419978159392,0.0425370293046142,37,EleutherAI_pythia-1b-deduped,1000000000.0,1.0,9.0
EleutherAI/pythia-1b-deduped,Pythia-1B-deduped,step143000,143000,299892736000,en,average_en_precomputed,10,27071.358888888888,BA45,0.4849439587845083,0.0585796476552098,50,EleutherAI_pythia-1b-deduped,1000000000.0,1.0,9.0
EleutherAI/pythia-1b-deduped,Pythia-1B-deduped,step143000,143000,299892736000,en,average_en_precomputed,10,27071.358888888888,BA47,0.4199930565135892,0.036959139264449,68,EleutherAI_pythia-1b-deduped,1000000000.0,1.0,9.0
EleutherAI/pythia-1b-deduped,Pythia-1B-deduped,step143000,143000,299892736000,en,average_en_precomputed,10,27071.358888888888,TP,0.4260198670308776,0.0495841946176566,32,EleutherAI_pythia-1b-deduped,1000000000.0,1.0,9.0
EleutherAI/pythia-1b-deduped,Pythia-1B-deduped,step143000,143000,299892736000,en,average_en_precomputed,10,27071.358888888888,aSTS,0.3925472972244438,0.0278932807799343,40,EleutherAI_pythia-1b-deduped,1000000000.0,1.0,9.0
EleutherAI/pythia-1b-deduped,Pythia-1B-deduped,step143000,143000,299892736000,en,average_en_precomputed,10,27071.358888888888,pSTS,0.408264429333361,0.0441592690805832,53,EleutherAI_pythia-1b-deduped,1000000000.0,1.0,9.0
EleutherAI/pythia-1b-deduped,Pythia-1B-deduped,step143000,143000,299892736000,en,average_en_precomputed,11,24307.85444444444,AG_TPJ,0.4053870431811091,0.0529578870431982,56,EleutherAI_pythia-1b-deduped,1000000000.0,1.0,9.0
EleutherAI/pythia-1b-deduped,Pythia-1B-deduped,step143000,143000,299892736000,en,average_en_precomputed,11,24307.85444444444,BA44,0.4347519309444257,0.0437453225017948,37,EleutherAI_pythia-1b-deduped,1000000000.0,1.0,9.0
EleutherAI/pythia-1b-deduped,Pythia-1B-deduped,step143000,143000,299892736000,en,average_en_precomputed,11,24307.85444444444,BA45,0.4838969193883989,0.0583949281994768,50,EleutherAI_pythia-1b-deduped,1000000000.0,1.0,9.0
EleutherAI/pythia-1b-deduped,Pythia-1B-deduped,step143000,143000,299892736000,en,average_en_precomputed,11,24307.85444444444,BA47,0.4181415463111266,0.0367938242146029,68,EleutherAI_pythia-1b-deduped,1000000000.0,1.0,9.0
EleutherAI/pythia-1b-deduped,Pythia-1B-deduped,step143000,143000,299892736000,en,average_en_precomputed,11,24307.85444444444,TP,0.4195409449908189,0.0507506854801004,32,EleutherAI_pythia-1b-deduped,1000000000.0,1.0,9.0
EleutherAI/pythia-1b-deduped,Pythia-1B-deduped,step143000,143000,299892736000,en,average_en_precomputed,11,24307.85444444444,aSTS,0.3958619916940645,0.0247934154060103,40,EleutherAI_pythia-1b-deduped,1000000000.0,1.0,9.0
EleutherAI/pythia-1b-deduped,Pythia-1B-deduped,step143000,143000,299892736000,en,average_en_precomputed,11,24307.85444444444,pSTS,0.4092454570977707,0.0421073343509063,53,EleutherAI_pythia-1b-deduped,1000000000.0,1.0,9.0
EleutherAI/pythia-1b-deduped,Pythia-1B-deduped,step143000,143000,299892736000,en,average_en_precomputed,12,21544.35,AG_TPJ,0.3900230048879968,0.05226884898157,56,EleutherAI_pythia-1b-deduped,1000000000.0,1.0,9.0
EleutherAI/pythia-1b-deduped,Pythia-1B-deduped,step143000,143000,299892736000,en,average_en_precomputed,12,21544.35,BA44,0.4345876387232551,0.0439746716133362,37,EleutherAI_pythia-1b-deduped,1000000000.0,1.0,9.0
EleutherAI/pythia-1b-deduped,Pythia-1B-deduped,step143000,143000,299892736000,en,average_en_precomputed,12,21544.35,BA45,0.4851034797573456,0.0614031752966194,50,EleutherAI_pythia-1b-deduped,1000000000.0,1.0,9.0
EleutherAI/pythia-1b-deduped,Pythia-1B-deduped,step143000,143000,299892736000,en,average_en_precomputed,12,21544.35,BA47,0.4147808912996246,0.0386807532011725,68,EleutherAI_pythia-1b-deduped,1000000000.0,1.0,9.0
EleutherAI/pythia-1b-deduped,Pythia-1B-deduped,step143000,143000,299892736000,en,average_en_precomputed,12,21544.35,TP,0.4114222992306465,0.049693605874478,32,EleutherAI_pythia-1b-deduped,1000000000.0,1.0,9.0
EleutherAI/pythia-1b-deduped,Pythia-1B-deduped,step143000,143000,299892736000,en,average_en_precomputed,12,21544.35,aSTS,0.3840020371474187,0.0248592145821136,40,EleutherAI_pythia-1b-deduped,1000000000.0,1.0,9.0
EleutherAI/pythia-1b-deduped,Pythia-1B-deduped,step143000,143000,299892736000,en,average_en_precomputed,12,21544.35,pSTS,0.3992813878419903,0.0418445393211864,53,EleutherAI_pythia-1b-deduped,1000000000.0,1.0,9.0
EleutherAI/pythia-1b-deduped,Pythia-1B-deduped,step143000,143000,299892736000,en,average_en_precomputed,13,21544.35,AG_TPJ,0.3847838854565038,0.0558406902958455,56,EleutherAI_pythia-1b-deduped,1000000000.0,1.0,9.0
EleutherAI/pythia-1b-deduped,Pythia-1B-deduped,step143000,143000,299892736000,en,average_en_precomputed,13,21544.35,BA44,0.4187854110573964,0.0428032017123652,37,EleutherAI_pythia-1b-deduped,1000000000.0,1.0,9.0
EleutherAI/pythia-1b-deduped,Pythia-1B-deduped,step143000,143000,299892736000,en,average_en_precomputed,13,21544.35,BA45,0.467871532925016,0.0622232205215771,50,EleutherAI_pythia-1b-deduped,1000000000.0,1.0,9.0
EleutherAI/pythia-1b-deduped,Pythia-1B-deduped,step143000,143000,299892736000,en,average_en_precomputed,13,21544.35,BA47,0.3957039909045557,0.04004157794742,68,EleutherAI_pythia-1b-deduped,1000000000.0,1.0,9.0
EleutherAI/pythia-1b-deduped,Pythia-1B-deduped,step143000,143000,299892736000,en,average_en_precomputed,13,21544.35,TP,0.4063206420080852,0.0512023555634489,32,EleutherAI_pythia-1b-deduped,1000000000.0,1.0,9.0
EleutherAI/pythia-1b-deduped,Pythia-1B-deduped,step143000,143000,299892736000,en,average_en_precomputed,13,21544.35,aSTS,0.3749789055750632,0.0287528571654457,40,EleutherAI_pythia-1b-deduped,1000000000.0,1.0,9.0
EleutherAI/pythia-1b-deduped,Pythia-1B-deduped,step143000,143000,299892736000,en,average_en_precomputed,13,21544.35,pSTS,0.3833624144266382,0.0435280562537028,53,EleutherAI_pythia-1b-deduped,1000000000.0,1.0,9.0
EleutherAI/pythia-1b-deduped,Pythia-1B-deduped,step143000,143000,299892736000,en,average_en_precomputed,14,20261.64444444444,AG_TPJ,0.3732573927381963,0.0585984597608467,56,EleutherAI_pythia-1b-deduped,1000000000.0,1.0,9.0
EleutherAI/pythia-1b-deduped,Pythia-1B-deduped,step143000,143000,299892736000,en,average_en_precomputed,14,20261.64444444444,BA44,0.4112425061386231,0.0432421908206189,37,EleutherAI_pythia-1b-deduped,1000000000.0,1.0,9.0
EleutherAI/pythia-1b-deduped,Pythia-1B-deduped,step143000,143000,299892736000,en,average_en_precomputed,14,20261.64444444444,BA45,0.4597867305676773,0.0644905407993565,50,EleutherAI_pythia-1b-deduped,1000000000.0,1.0,9.0
EleutherAI/pythia-1b-deduped,Pythia-1B-deduped,step143000,143000,299892736000,en,average_en_precomputed,14,20261.64444444444,BA47,0.3891601172461398,0.0397546635171198,68,EleutherAI_pythia-1b-deduped,1000000000.0,1.0,9.0
EleutherAI/pythia-1b-deduped,Pythia-1B-deduped,step143000,143000,299892736000,en,average_en_precomputed,14,20261.64444444444,TP,0.3961924840004241,0.0497830752559742,32,EleutherAI_pythia-1b-deduped,1000000000.0,1.0,9.0
EleutherAI/pythia-1b-deduped,Pythia-1B-deduped,step143000,143000,299892736000,en,average_en_precomputed,14,20261.64444444444,aSTS,0.3636626762100098,0.030064618190031,40,EleutherAI_pythia-1b-deduped,1000000000.0,1.0,9.0
EleutherAI/pythia-1b-deduped,Pythia-1B-deduped,step143000,143000,299892736000,en,average_en_precomputed,14,20261.64444444444,pSTS,0.3724901090032911,0.0442390106459177,53,EleutherAI_pythia-1b-deduped,1000000000.0,1.0,9.0
EleutherAI/pythia-1b-deduped,Pythia-1B-deduped,step143000,143000,299892736000,en,average_en_precomputed,15,23025.14888888889,AG_TPJ,0.3644697497642954,0.0584867960467922,56,EleutherAI_pythia-1b-deduped,1000000000.0,1.0,9.0
EleutherAI/pythia-1b-deduped,Pythia-1B-deduped,step143000,143000,299892736000,en,average_en_precomputed,15,23025.14888888889,BA44,0.4101506221059598,0.0438200761313063,37,EleutherAI_pythia-1b-deduped,1000000000.0,1.0,9.0
EleutherAI/pythia-1b-deduped,Pythia-1B-deduped,step143000,143000,299892736000,en,average_en_precomputed,15,23025.14888888889,BA45,0.4535743658528651,0.0645983582027715,50,EleutherAI_pythia-1b-deduped,1000000000.0,1.0,9.0
EleutherAI/pythia-1b-deduped,Pythia-1B-deduped,step143000,143000,299892736000,en,average_en_precomputed,15,23025.14888888889,BA47,0.386412919659828,0.0383454819115938,68,EleutherAI_pythia-1b-deduped,1000000000.0,1.0,9.0
EleutherAI/pythia-1b-deduped,Pythia-1B-deduped,step143000,143000,299892736000,en,average_en_precomputed,15,23025.14888888889,TP,0.3940547976056987,0.0491694652489654,32,EleutherAI_pythia-1b-deduped,1000000000.0,1.0,9.0
EleutherAI/pythia-1b-deduped,Pythia-1B-deduped,step143000,143000,299892736000,en,average_en_precomputed,15,23025.14888888889,aSTS,0.3510907921810106,0.0291088065730373,40,EleutherAI_pythia-1b-deduped,1000000000.0,1.0,9.0
EleutherAI/pythia-1b-deduped,Pythia-1B-deduped,step143000,143000,299892736000,en,average_en_precomputed,15,23025.14888888889,pSTS,0.3674421839500212,0.0472236787369137,53,EleutherAI_pythia-1b-deduped,1000000000.0,1.0,9.0
EleutherAI/pythia-1b-deduped,Pythia-1B-deduped,step143000,143000,299892736000,en,average_en_precomputed,16,23025.14888888889,AG_TPJ,0.341170589585646,0.0580902615625922,56,EleutherAI_pythia-1b-deduped,1000000000.0,1.0,9.0
EleutherAI/pythia-1b-deduped,Pythia-1B-deduped,step143000,143000,299892736000,en,average_en_precomputed,16,23025.14888888889,BA44,0.4025841714902555,0.0458949626380284,37,EleutherAI_pythia-1b-deduped,1000000000.0,1.0,9.0
EleutherAI/pythia-1b-deduped,Pythia-1B-deduped,step143000,143000,299892736000,en,average_en_precomputed,16,23025.14888888889,BA45,0.4379997432092568,0.0659459556019235,50,EleutherAI_pythia-1b-deduped,1000000000.0,1.0,9.0
EleutherAI/pythia-1b-deduped,Pythia-1B-deduped,step143000,143000,299892736000,en,average_en_precomputed,16,23025.14888888889,BA47,0.3739069744322495,0.039011992956871,68,EleutherAI_pythia-1b-deduped,1000000000.0,1.0,9.0
EleutherAI/pythia-1b-deduped,Pythia-1B-deduped,step143000,143000,299892736000,en,average_en_precomputed,16,23025.14888888889,TP,0.3807485786081757,0.049287225951014,32,EleutherAI_pythia-1b-deduped,1000000000.0,1.0,9.0
EleutherAI/pythia-1b-deduped,Pythia-1B-deduped,step143000,143000,299892736000,en,average_en_precomputed,16,23025.14888888889,aSTS,0.3310832814403152,0.0302295587875465,40,EleutherAI_pythia-1b-deduped,1000000000.0,1.0,9.0
EleutherAI/pythia-1b-deduped,Pythia-1B-deduped,step143000,143000,299892736000,en,average_en_precomputed,16,23025.14888888889,pSTS,0.3529711130612332,0.0464170051373038,53,EleutherAI_pythia-1b-deduped,1000000000.0,1.0,9.0
EleutherAI/pythia-2.8b-deduped,Pythia-2.8B-deduped,step143000,143000,299892736000,en,average_en_precomputed,0,55559.965555555566,AG_TPJ,0.2092702803555584,0.0537122604642122,56,EleutherAI_pythia-2.8b-deduped,2800000000.0,2.8,9.44715803134222
EleutherAI/pythia-2.8b-deduped,Pythia-2.8B-deduped,step143000,143000,299892736000,en,average_en_precomputed,0,55559.965555555566,BA44,0.2492244630220866,0.0456469748460437,37,EleutherAI_pythia-2.8b-deduped,2800000000.0,2.8,9.44715803134222
EleutherAI/pythia-2.8b-deduped,Pythia-2.8B-deduped,step143000,143000,299892736000,en,average_en_precomputed,0,55559.965555555566,BA45,0.2889987846718873,0.0647248589953269,50,EleutherAI_pythia-2.8b-deduped,2800000000.0,2.8,9.44715803134222
EleutherAI/pythia-2.8b-deduped,Pythia-2.8B-deduped,step143000,143000,299892736000,en,average_en_precomputed,0,55559.965555555566,BA47,0.2345819889550089,0.0463697156584133,68,EleutherAI_pythia-2.8b-deduped,2800000000.0,2.8,9.44715803134222
EleutherAI/pythia-2.8b-deduped,Pythia-2.8B-deduped,step143000,143000,299892736000,en,average_en_precomputed,0,55559.965555555566,TP,0.2742144330453202,0.0436818598774917,32,EleutherAI_pythia-2.8b-deduped,2800000000.0,2.8,9.44715803134222
EleutherAI/pythia-2.8b-deduped,Pythia-2.8B-deduped,step143000,143000,299892736000,en,average_en_precomputed,0,55559.965555555566,aSTS,0.2050296667573837,0.0445970563530141,40,EleutherAI_pythia-2.8b-deduped,2800000000.0,2.8,9.44715803134222
EleutherAI/pythia-2.8b-deduped,Pythia-2.8B-deduped,step143000,143000,299892736000,en,average_en_precomputed,0,55559.965555555566,pSTS,0.219042453838003,0.0438936782303,53,EleutherAI_pythia-2.8b-deduped,2800000000.0,2.8,9.44715803134222
EleutherAI/pythia-2.8b-deduped,Pythia-2.8B-deduped,step143000,143000,299892736000,en,average_en_precomputed,1,43652.38555555555,AG_TPJ,0.2292503272408794,0.0533449614540971,56,EleutherAI_pythia-2.8b-deduped,2800000000.0,2.8,9.44715803134222
EleutherAI/pythia-2.8b-deduped,Pythia-2.8B-deduped,step143000,143000,299892736000,en,average_en_precomputed,1,43652.38555555555,BA44,0.2847592691799814,0.0451993046367581,37,EleutherAI_pythia-2.8b-deduped,2800000000.0,2.8,9.44715803134222
EleutherAI/pythia-2.8b-deduped,Pythia-2.8B-deduped,step143000,143000,299892736000,en,average_en_precomputed,1,43652.38555555555,BA45,0.3292496790332131,0.0647480593565054,50,EleutherAI_pythia-2.8b-deduped,2800000000.0,2.8,9.44715803134222
EleutherAI/pythia-2.8b-deduped,Pythia-2.8B-deduped,step143000,143000,299892736000,en,average_en_precomputed,1,43652.38555555555,BA47,0.2722497133110892,0.0442110030605282,68,EleutherAI_pythia-2.8b-deduped,2800000000.0,2.8,9.44715803134222
EleutherAI/pythia-2.8b-deduped,Pythia-2.8B-deduped,step143000,143000,299892736000,en,average_en_precomputed,1,43652.38555555555,TP,0.2988310788643953,0.0449880136573942,32,EleutherAI_pythia-2.8b-deduped,2800000000.0,2.8,9.44715803134222
EleutherAI/pythia-2.8b-deduped,Pythia-2.8B-deduped,step143000,143000,299892736000,en,average_en_precomputed,1,43652.38555555555,aSTS,0.2456736048668952,0.0332603439238353,40,EleutherAI_pythia-2.8b-deduped,2800000000.0,2.8,9.44715803134222
EleutherAI/pythia-2.8b-deduped,Pythia-2.8B-deduped,step143000,143000,299892736000,en,average_en_precomputed,1,43652.38555555555,pSTS,0.2588313927550174,0.0417593723134647,53,EleutherAI_pythia-2.8b-deduped,2800000000.0,2.8,9.44715803134222
EleutherAI/pythia-2.8b-deduped,Pythia-2.8B-deduped,step143000,143000,299892736000,en,average_en_precomputed,2,43652.38555555555,AG_TPJ,0.267967533808243,0.0537113421312257,56,EleutherAI_pythia-2.8b-deduped,2800000000.0,2.8,9.44715803134222
EleutherAI/pythia-2.8b-deduped,Pythia-2.8B-deduped,step143000,143000,299892736000,en,average_en_precomputed,2,43652.38555555555,BA44,0.3131450160615602,0.0484399103130395,37,EleutherAI_pythia-2.8b-deduped,2800000000.0,2.8,9.44715803134222
EleutherAI/pythia-2.8b-deduped,Pythia-2.8B-deduped,step143000,143000,299892736000,en,average_en_precomputed,2,43652.38555555555,BA45,0.3626201934224193,0.0654395831294878,50,EleutherAI_pythia-2.8b-deduped,2800000000.0,2.8,9.44715803134222
EleutherAI/pythia-2.8b-deduped,Pythia-2.8B-deduped,step143000,143000,299892736000,en,average_en_precomputed,2,43652.38555555555,BA47,0.3013176817417588,0.0404193554658688,68,EleutherAI_pythia-2.8b-deduped,2800000000.0,2.8,9.44715803134222
EleutherAI/pythia-2.8b-deduped,Pythia-2.8B-deduped,step143000,143000,299892736000,en,average_en_precomputed,2,43652.38555555555,TP,0.3271485465656927,0.0440471008145108,32,EleutherAI_pythia-2.8b-deduped,2800000000.0,2.8,9.44715803134222
EleutherAI/pythia-2.8b-deduped,Pythia-2.8B-deduped,step143000,143000,299892736000,en,average_en_precomputed,2,43652.38555555555,aSTS,0.2792214213950003,0.0294779663754206,40,EleutherAI_pythia-2.8b-deduped,2800000000.0,2.8,9.44715803134222
EleutherAI/pythia-2.8b-deduped,Pythia-2.8B-deduped,step143000,143000,299892736000,en,average_en_precomputed,2,43652.38555555555,pSTS,0.2875653695254775,0.038506262596606,53,EleutherAI_pythia-2.8b-deduped,2800000000.0,2.8,9.44715803134222
EleutherAI/pythia-2.8b-deduped,Pythia-2.8B-deduped,step143000,143000,299892736000,en,average_en_precomputed,3,43652.38555555555,AG_TPJ,0.2851159721621477,0.0584575088052936,56,EleutherAI_pythia-2.8b-deduped,2800000000.0,2.8,9.44715803134222
EleutherAI/pythia-2.8b-deduped,Pythia-2.8B-deduped,step143000,143000,299892736000,en,average_en_precomputed,3,43652.38555555555,BA44,0.3344873927140165,0.0488378557037925,37,EleutherAI_pythia-2.8b-deduped,2800000000.0,2.8,9.44715803134222
EleutherAI/pythia-2.8b-deduped,Pythia-2.8B-deduped,step143000,143000,299892736000,en,average_en_precomputed,3,43652.38555555555,BA45,0.3810910601073652,0.064665142998386,50,EleutherAI_pythia-2.8b-deduped,2800000000.0,2.8,9.44715803134222
EleutherAI/pythia-2.8b-deduped,Pythia-2.8B-deduped,step143000,143000,299892736000,en,average_en_precomputed,3,43652.38555555555,BA47,0.3203039722370232,0.0397740830691914,68,EleutherAI_pythia-2.8b-deduped,2800000000.0,2.8,9.44715803134222
EleutherAI/pythia-2.8b-deduped,Pythia-2.8B-deduped,step143000,143000,299892736000,en,average_en_precomputed,3,43652.38555555555,TP,0.3414271978003304,0.0437759871131046,32,EleutherAI_pythia-2.8b-deduped,2800000000.0,2.8,9.44715803134222
EleutherAI/pythia-2.8b-deduped,Pythia-2.8B-deduped,step143000,143000,299892736000,en,average_en_precomputed,3,43652.38555555555,aSTS,0.2952153387586798,0.0282669237493335,40,EleutherAI_pythia-2.8b-deduped,2800000000.0,2.8,9.44715803134222
EleutherAI/pythia-2.8b-deduped,Pythia-2.8B-deduped,step143000,143000,299892736000,en,average_en_precomputed,3,43652.38555555555,pSTS,0.3021360965572564,0.0391157854707115,53,EleutherAI_pythia-2.8b-deduped,2800000000.0,2.8,9.44715803134222
EleutherAI/pythia-2.8b-deduped,Pythia-2.8B-deduped,step143000,143000,299892736000,en,average_en_precomputed,4,43652.38555555555,AG_TPJ,0.3225989015877788,0.059279757935429,56,EleutherAI_pythia-2.8b-deduped,2800000000.0,2.8,9.44715803134222
EleutherAI/pythia-2.8b-deduped,Pythia-2.8B-deduped,step143000,143000,299892736000,en,average_en_precomputed,4,43652.38555555555,BA44,0.35904402334732,0.0473292695775759,37,EleutherAI_pythia-2.8b-deduped,2800000000.0,2.8,9.44715803134222
EleutherAI/pythia-2.8b-deduped,Pythia-2.8B-deduped,step143000,143000,299892736000,en,average_en_precomputed,4,43652.38555555555,BA45,0.4016331472624703,0.0629920288280786,50,EleutherAI_pythia-2.8b-deduped,2800000000.0,2.8,9.44715803134222
EleutherAI/pythia-2.8b-deduped,Pythia-2.8B-deduped,step143000,143000,299892736000,en,average_en_precomputed,4,43652.38555555555,BA47,0.3472602338787505,0.0369334978327008,68,EleutherAI_pythia-2.8b-deduped,2800000000.0,2.8,9.44715803134222
EleutherAI/pythia-2.8b-deduped,Pythia-2.8B-deduped,step143000,143000,299892736000,en,average_en_precomputed,4,43652.38555555555,TP,0.3606527605786204,0.0443268817904444,32,EleutherAI_pythia-2.8b-deduped,2800000000.0,2.8,9.44715803134222
EleutherAI/pythia-2.8b-deduped,Pythia-2.8B-deduped,step143000,143000,299892736000,en,average_en_precomputed,4,43652.38555555555,aSTS,0.3217117025804257,0.0282455054535363,40,EleutherAI_pythia-2.8b-deduped,2800000000.0,2.8,9.44715803134222
EleutherAI/pythia-2.8b-deduped,Pythia-2.8B-deduped,step143000,143000,299892736000,en,average_en_precomputed,4,43652.38555555555,pSTS,0.3269116372374644,0.0356318894615884,53,EleutherAI_pythia-2.8b-deduped,2800000000.0,2.8,9.44715803134222
EleutherAI/pythia-2.8b-deduped,Pythia-2.8B-deduped,step143000,143000,299892736000,en,average_en_precomputed,5,38125.37666666667,AG_TPJ,0.3462377820582122,0.0586071724373796,56,EleutherAI_pythia-2.8b-deduped,2800000000.0,2.8,9.44715803134222
EleutherAI/pythia-2.8b-deduped,Pythia-2.8B-deduped,step143000,143000,299892736000,en,average_en_precomputed,5,38125.37666666667,BA44,0.3851890067814799,0.0480766357932893,37,EleutherAI_pythia-2.8b-deduped,2800000000.0,2.8,9.44715803134222
EleutherAI/pythia-2.8b-deduped,Pythia-2.8B-deduped,step143000,143000,299892736000,en,average_en_precomputed,5,38125.37666666667,BA45,0.4319860387523577,0.0675190437986643,50,EleutherAI_pythia-2.8b-deduped,2800000000.0,2.8,9.44715803134222
EleutherAI/pythia-2.8b-deduped,Pythia-2.8B-deduped,step143000,143000,299892736000,en,average_en_precomputed,5,38125.37666666667,BA47,0.3764347714854805,0.0410058807379445,68,EleutherAI_pythia-2.8b-deduped,2800000000.0,2.8,9.44715803134222
EleutherAI/pythia-2.8b-deduped,Pythia-2.8B-deduped,step143000,143000,299892736000,en,average_en_precomputed,5,38125.37666666667,TP,0.3847348988134008,0.0451097951939111,32,EleutherAI_pythia-2.8b-deduped,2800000000.0,2.8,9.44715803134222
EleutherAI/pythia-2.8b-deduped,Pythia-2.8B-deduped,step143000,143000,299892736000,en,average_en_precomputed,5,38125.37666666667,aSTS,0.3515158064590169,0.0266845522281089,40,EleutherAI_pythia-2.8b-deduped,2800000000.0,2.8,9.44715803134222
EleutherAI/pythia-2.8b-deduped,Pythia-2.8B-deduped,step143000,143000,299892736000,en,average_en_precomputed,5,38125.37666666667,pSTS,0.356666437403051,0.0343916369287499,53,EleutherAI_pythia-2.8b-deduped,2800000000.0,2.8,9.44715803134222
EleutherAI/pythia-2.8b-deduped,Pythia-2.8B-deduped,step143000,143000,299892736000,en,average_en_precomputed,6,35361.87222222222,AG_TPJ,0.367403520493744,0.0572834848747743,56,EleutherAI_pythia-2.8b-deduped,2800000000.0,2.8,9.44715803134222
EleutherAI/pythia-2.8b-deduped,Pythia-2.8B-deduped,step143000,143000,299892736000,en,average_en_precomputed,6,35361.87222222222,BA44,0.4058497069125119,0.0471467959054491,37,EleutherAI_pythia-2.8b-deduped,2800000000.0,2.8,9.44715803134222
EleutherAI/pythia-2.8b-deduped,Pythia-2.8B-deduped,step143000,143000,299892736000,en,average_en_precomputed,6,35361.87222222222,BA45,0.448340452173835,0.0654607623062762,50,EleutherAI_pythia-2.8b-deduped,2800000000.0,2.8,9.44715803134222
EleutherAI/pythia-2.8b-deduped,Pythia-2.8B-deduped,step143000,143000,299892736000,en,average_en_precomputed,6,35361.87222222222,BA47,0.3910704237430867,0.0394452342938376,68,EleutherAI_pythia-2.8b-deduped,2800000000.0,2.8,9.44715803134222
EleutherAI/pythia-2.8b-deduped,Pythia-2.8B-deduped,step143000,143000,299892736000,en,average_en_precomputed,6,35361.87222222222,TP,0.3967382208154526,0.0466695557580251,32,EleutherAI_pythia-2.8b-deduped,2800000000.0,2.8,9.44715803134222
EleutherAI/pythia-2.8b-deduped,Pythia-2.8B-deduped,step143000,143000,299892736000,en,average_en_precomputed,6,35361.87222222222,aSTS,0.3722535235454595,0.0209536772402574,40,EleutherAI_pythia-2.8b-deduped,2800000000.0,2.8,9.44715803134222
EleutherAI/pythia-2.8b-deduped,Pythia-2.8B-deduped,step143000,143000,299892736000,en,average_en_precomputed,6,35361.87222222222,pSTS,0.3772183013349462,0.0354571864479328,53,EleutherAI_pythia-2.8b-deduped,2800000000.0,2.8,9.44715803134222
EleutherAI/pythia-2.8b-deduped,Pythia-2.8B-deduped,step143000,143000,299892736000,en,average_en_precomputed,7,32598.367777777778,AG_TPJ,0.3746503487527717,0.0536433857889073,56,EleutherAI_pythia-2.8b-deduped,2800000000.0,2.8,9.44715803134222
EleutherAI/pythia-2.8b-deduped,Pythia-2.8B-deduped,step143000,143000,299892736000,en,average_en_precomputed,7,32598.367777777778,BA44,0.4159407101508554,0.0461095835175887,37,EleutherAI_pythia-2.8b-deduped,2800000000.0,2.8,9.44715803134222
EleutherAI/pythia-2.8b-deduped,Pythia-2.8B-deduped,step143000,143000,299892736000,en,average_en_precomputed,7,32598.367777777778,BA45,0.4574021355470655,0.0644720253951758,50,EleutherAI_pythia-2.8b-deduped,2800000000.0,2.8,9.44715803134222
EleutherAI/pythia-2.8b-deduped,Pythia-2.8B-deduped,step143000,143000,299892736000,en,average_en_precomputed,7,32598.367777777778,BA47,0.3986008425901845,0.0394496781551334,68,EleutherAI_pythia-2.8b-deduped,2800000000.0,2.8,9.44715803134222
EleutherAI/pythia-2.8b-deduped,Pythia-2.8B-deduped,step143000,143000,299892736000,en,average_en_precomputed,7,32598.367777777778,TP,0.4014054582203905,0.0465780010976562,32,EleutherAI_pythia-2.8b-deduped,2800000000.0,2.8,9.44715803134222
EleutherAI/pythia-2.8b-deduped,Pythia-2.8B-deduped,step143000,143000,299892736000,en,average_en_precomputed,7,32598.367777777778,aSTS,0.382218409871539,0.0197254025265885,40,EleutherAI_pythia-2.8b-deduped,2800000000.0,2.8,9.44715803134222
EleutherAI/pythia-2.8b-deduped,Pythia-2.8B-deduped,step143000,143000,299892736000,en,average_en_precomputed,7,32598.367777777778,pSTS,0.3898108665973283,0.0341939855569257,53,EleutherAI_pythia-2.8b-deduped,2800000000.0,2.8,9.44715803134222
EleutherAI/pythia-2.8b-deduped,Pythia-2.8B-deduped,step143000,143000,299892736000,en,average_en_precomputed,8,29834.863333333327,AG_TPJ,0.4033569746085588,0.052337839537141,56,EleutherAI_pythia-2.8b-deduped,2800000000.0,2.8,9.44715803134222
EleutherAI/pythia-2.8b-deduped,Pythia-2.8B-deduped,step143000,143000,299892736000,en,average_en_precomputed,8,29834.863333333327,BA44,0.4311366630937582,0.0434407638238455,37,EleutherAI_pythia-2.8b-deduped,2800000000.0,2.8,9.44715803134222
EleutherAI/pythia-2.8b-deduped,Pythia-2.8B-deduped,step143000,143000,299892736000,en,average_en_precomputed,8,29834.863333333327,BA45,0.4742738260252007,0.0593369682727668,50,EleutherAI_pythia-2.8b-deduped,2800000000.0,2.8,9.44715803134222
EleutherAI/pythia-2.8b-deduped,Pythia-2.8B-deduped,step143000,143000,299892736000,en,average_en_precomputed,8,29834.863333333327,BA47,0.4154403437703745,0.0349092119078607,68,EleutherAI_pythia-2.8b-deduped,2800000000.0,2.8,9.44715803134222
EleutherAI/pythia-2.8b-deduped,Pythia-2.8B-deduped,step143000,143000,299892736000,en,average_en_precomputed,8,29834.863333333327,TP,0.4206283343810484,0.0471977585890212,32,EleutherAI_pythia-2.8b-deduped,2800000000.0,2.8,9.44715803134222
EleutherAI/pythia-2.8b-deduped,Pythia-2.8B-deduped,step143000,143000,299892736000,en,average_en_precomputed,8,29834.863333333327,aSTS,0.396425025359889,0.0206925096897438,40,EleutherAI_pythia-2.8b-deduped,2800000000.0,2.8,9.44715803134222
EleutherAI/pythia-2.8b-deduped,Pythia-2.8B-deduped,step143000,143000,299892736000,en,average_en_precomputed,8,29834.863333333327,pSTS,0.411697728080479,0.0371573349905962,53,EleutherAI_pythia-2.8b-deduped,2800000000.0,2.8,9.44715803134222
EleutherAI/pythia-2.8b-deduped,Pythia-2.8B-deduped,step143000,143000,299892736000,en,average_en_precomputed,9,21544.35,AG_TPJ,0.4149995458617483,0.0549690432821226,56,EleutherAI_pythia-2.8b-deduped,2800000000.0,2.8,9.44715803134222
EleutherAI/pythia-2.8b-deduped,Pythia-2.8B-deduped,step143000,143000,299892736000,en,average_en_precomputed,9,21544.35,BA44,0.4361427943243284,0.0443509800875743,37,EleutherAI_pythia-2.8b-deduped,2800000000.0,2.8,9.44715803134222
EleutherAI/pythia-2.8b-deduped,Pythia-2.8B-deduped,step143000,143000,299892736000,en,average_en_precomputed,9,21544.35,BA45,0.4824479206243561,0.0583292190179142,50,EleutherAI_pythia-2.8b-deduped,2800000000.0,2.8,9.44715803134222
EleutherAI/pythia-2.8b-deduped,Pythia-2.8B-deduped,step143000,143000,299892736000,en,average_en_precomputed,9,21544.35,BA47,0.4240698497834314,0.0356152833387449,68,EleutherAI_pythia-2.8b-deduped,2800000000.0,2.8,9.44715803134222
EleutherAI/pythia-2.8b-deduped,Pythia-2.8B-deduped,step143000,143000,299892736000,en,average_en_precomputed,9,21544.35,TP,0.4246111874000804,0.0488466558469805,32,EleutherAI_pythia-2.8b-deduped,2800000000.0,2.8,9.44715803134222
EleutherAI/pythia-2.8b-deduped,Pythia-2.8B-deduped,step143000,143000,299892736000,en,average_en_precomputed,9,21544.35,aSTS,0.4011846627074129,0.022977010253527,40,EleutherAI_pythia-2.8b-deduped,2800000000.0,2.8,9.44715803134222
EleutherAI/pythia-2.8b-deduped,Pythia-2.8B-deduped,step143000,143000,299892736000,en,average_en_precomputed,9,21544.35,pSTS,0.4144098412657973,0.0406903911941998,53,EleutherAI_pythia-2.8b-deduped,2800000000.0,2.8,9.44715803134222
EleutherAI/pythia-2.8b-deduped,Pythia-2.8B-deduped,step143000,143000,299892736000,en,average_en_precomputed,10,24307.854444444445,AG_TPJ,0.4412988015710395,0.0519802809852057,56,EleutherAI_pythia-2.8b-deduped,2800000000.0,2.8,9.44715803134222
EleutherAI/pythia-2.8b-deduped,Pythia-2.8B-deduped,step143000,143000,299892736000,en,average_en_precomputed,10,24307.854444444445,BA44,0.4520702159698248,0.0436208614720998,37,EleutherAI_pythia-2.8b-deduped,2800000000.0,2.8,9.44715803134222
EleutherAI/pythia-2.8b-deduped,Pythia-2.8B-deduped,step143000,143000,299892736000,en,average_en_precomputed,10,24307.854444444445,BA45,0.491158207597769,0.0559277722173829,50,EleutherAI_pythia-2.8b-deduped,2800000000.0,2.8,9.44715803134222
EleutherAI/pythia-2.8b-deduped,Pythia-2.8B-deduped,step143000,143000,299892736000,en,average_en_precomputed,10,24307.854444444445,BA47,0.4331931325265225,0.0326839972312984,68,EleutherAI_pythia-2.8b-deduped,2800000000.0,2.8,9.44715803134222
EleutherAI/pythia-2.8b-deduped,Pythia-2.8B-deduped,step143000,143000,299892736000,en,average_en_precomputed,10,24307.854444444445,TP,0.4337766741663764,0.0501738357502241,32,EleutherAI_pythia-2.8b-deduped,2800000000.0,2.8,9.44715803134222
EleutherAI/pythia-2.8b-deduped,Pythia-2.8B-deduped,step143000,143000,299892736000,en,average_en_precomputed,10,24307.854444444445,aSTS,0.4128402950231837,0.0247018017881103,40,EleutherAI_pythia-2.8b-deduped,2800000000.0,2.8,9.44715803134222
EleutherAI/pythia-2.8b-deduped,Pythia-2.8B-deduped,step143000,143000,299892736000,en,average_en_precomputed,10,24307.854444444445,pSTS,0.42957583609889,0.0429575792680116,53,EleutherAI_pythia-2.8b-deduped,2800000000.0,2.8,9.44715803134222
EleutherAI/pythia-2.8b-deduped,Pythia-2.8B-deduped,step143000,143000,299892736000,en,average_en_precomputed,11,27071.358888888888,AG_TPJ,0.4505218522821461,0.04925928037376,56,EleutherAI_pythia-2.8b-deduped,2800000000.0,2.8,9.44715803134222
EleutherAI/pythia-2.8b-deduped,Pythia-2.8B-deduped,step143000,143000,299892736000,en,average_en_precomputed,11,27071.358888888888,BA44,0.452971870969251,0.0438721127827244,37,EleutherAI_pythia-2.8b-deduped,2800000000.0,2.8,9.44715803134222
EleutherAI/pythia-2.8b-deduped,Pythia-2.8B-deduped,step143000,143000,299892736000,en,average_en_precomputed,11,27071.358888888888,BA45,0.4950004971667636,0.0572271726287026,50,EleutherAI_pythia-2.8b-deduped,2800000000.0,2.8,9.44715803134222
EleutherAI/pythia-2.8b-deduped,Pythia-2.8B-deduped,step143000,143000,299892736000,en,average_en_precomputed,11,27071.358888888888,BA47,0.4334148510665521,0.0338475927027359,68,EleutherAI_pythia-2.8b-deduped,2800000000.0,2.8,9.44715803134222
EleutherAI/pythia-2.8b-deduped,Pythia-2.8B-deduped,step143000,143000,299892736000,en,average_en_precomputed,11,27071.358888888888,TP,0.4366731700762495,0.0493675771163868,32,EleutherAI_pythia-2.8b-deduped,2800000000.0,2.8,9.44715803134222
EleutherAI/pythia-2.8b-deduped,Pythia-2.8B-deduped,step143000,143000,299892736000,en,average_en_precomputed,11,27071.358888888888,aSTS,0.4144176055504803,0.0282853888644262,40,EleutherAI_pythia-2.8b-deduped,2800000000.0,2.8,9.44715803134222
EleutherAI/pythia-2.8b-deduped,Pythia-2.8B-deduped,step143000,143000,299892736000,en,average_en_precomputed,11,27071.358888888888,pSTS,0.4274535880715088,0.0471297279885338,53,EleutherAI_pythia-2.8b-deduped,2800000000.0,2.8,9.44715803134222
EleutherAI/pythia-2.8b-deduped,Pythia-2.8B-deduped,step143000,143000,299892736000,en,average_en_precomputed,12,27071.358888888888,AG_TPJ,0.4507070233195657,0.0502315663088587,56,EleutherAI_pythia-2.8b-deduped,2800000000.0,2.8,9.44715803134222
EleutherAI/pythia-2.8b-deduped,Pythia-2.8B-deduped,step143000,143000,299892736000,en,average_en_precomputed,12,27071.358888888888,BA44,0.4534821131315021,0.0432068145897591,37,EleutherAI_pythia-2.8b-deduped,2800000000.0,2.8,9.44715803134222
EleutherAI/pythia-2.8b-deduped,Pythia-2.8B-deduped,step143000,143000,299892736000,en,average_en_precomputed,12,27071.358888888888,BA45,0.4975189630968494,0.0566696346123356,50,EleutherAI_pythia-2.8b-deduped,2800000000.0,2.8,9.44715803134222
EleutherAI/pythia-2.8b-deduped,Pythia-2.8B-deduped,step143000,143000,299892736000,en,average_en_precomputed,12,27071.358888888888,BA47,0.4334579675497634,0.0331455523188301,68,EleutherAI_pythia-2.8b-deduped,2800000000.0,2.8,9.44715803134222
EleutherAI/pythia-2.8b-deduped,Pythia-2.8B-deduped,step143000,143000,299892736000,en,average_en_precomputed,12,27071.358888888888,TP,0.4344602582960601,0.0494683562117469,32,EleutherAI_pythia-2.8b-deduped,2800000000.0,2.8,9.44715803134222
EleutherAI/pythia-2.8b-deduped,Pythia-2.8B-deduped,step143000,143000,299892736000,en,average_en_precomputed,12,27071.358888888888,aSTS,0.4150511621145826,0.0304510007309354,40,EleutherAI_pythia-2.8b-deduped,2800000000.0,2.8,9.44715803134222
EleutherAI/pythia-2.8b-deduped,Pythia-2.8B-deduped,step143000,143000,299892736000,en,average_en_precomputed,12,27071.358888888888,pSTS,0.4271961259451096,0.0464678827987567,53,EleutherAI_pythia-2.8b-deduped,2800000000.0,2.8,9.44715803134222
EleutherAI/pythia-2.8b-deduped,Pythia-2.8B-deduped,step143000,143000,299892736000,en,average_en_precomputed,13,32598.367777777778,AG_TPJ,0.4538224534600315,0.0482667418433582,56,EleutherAI_pythia-2.8b-deduped,2800000000.0,2.8,9.44715803134222
EleutherAI/pythia-2.8b-deduped,Pythia-2.8B-deduped,step143000,143000,299892736000,en,average_en_precomputed,13,32598.367777777778,BA44,0.4543255185525575,0.0453741275313635,37,EleutherAI_pythia-2.8b-deduped,2800000000.0,2.8,9.44715803134222
EleutherAI/pythia-2.8b-deduped,Pythia-2.8B-deduped,step143000,143000,299892736000,en,average_en_precomputed,13,32598.367777777778,BA45,0.4982478799023671,0.0553071681714927,50,EleutherAI_pythia-2.8b-deduped,2800000000.0,2.8,9.44715803134222
EleutherAI/pythia-2.8b-deduped,Pythia-2.8B-deduped,step143000,143000,299892736000,en,average_en_precomputed,13,32598.367777777778,BA47,0.4335091006949492,0.0342401918675148,68,EleutherAI_pythia-2.8b-deduped,2800000000.0,2.8,9.44715803134222
EleutherAI/pythia-2.8b-deduped,Pythia-2.8B-deduped,step143000,143000,299892736000,en,average_en_precomputed,13,32598.367777777778,TP,0.4310668246464623,0.0508091684800794,32,EleutherAI_pythia-2.8b-deduped,2800000000.0,2.8,9.44715803134222
EleutherAI/pythia-2.8b-deduped,Pythia-2.8B-deduped,step143000,143000,299892736000,en,average_en_precomputed,13,32598.367777777778,aSTS,0.411854746630055,0.0348830811820274,40,EleutherAI_pythia-2.8b-deduped,2800000000.0,2.8,9.44715803134222
EleutherAI/pythia-2.8b-deduped,Pythia-2.8B-deduped,step143000,143000,299892736000,en,average_en_precomputed,13,32598.367777777778,pSTS,0.426690695284473,0.0486274266433275,53,EleutherAI_pythia-2.8b-deduped,2800000000.0,2.8,9.44715803134222
EleutherAI/pythia-2.8b-deduped,Pythia-2.8B-deduped,step143000,143000,299892736000,en,average_en_precomputed,14,35361.87222222222,AG_TPJ,0.4446489469526145,0.0475261851353508,56,EleutherAI_pythia-2.8b-deduped,2800000000.0,2.8,9.44715803134222
EleutherAI/pythia-2.8b-deduped,Pythia-2.8B-deduped,step143000,143000,299892736000,en,average_en_precomputed,14,35361.87222222222,BA44,0.4488708593780009,0.0439452248310234,37,EleutherAI_pythia-2.8b-deduped,2800000000.0,2.8,9.44715803134222
EleutherAI/pythia-2.8b-deduped,Pythia-2.8B-deduped,step143000,143000,299892736000,en,average_en_precomputed,14,35361.87222222222,BA45,0.494647420807822,0.0558891284858928,50,EleutherAI_pythia-2.8b-deduped,2800000000.0,2.8,9.44715803134222
EleutherAI/pythia-2.8b-deduped,Pythia-2.8B-deduped,step143000,143000,299892736000,en,average_en_precomputed,14,35361.87222222222,BA47,0.4307995839019471,0.0334339233888036,68,EleutherAI_pythia-2.8b-deduped,2800000000.0,2.8,9.44715803134222
EleutherAI/pythia-2.8b-deduped,Pythia-2.8B-deduped,step143000,143000,299892736000,en,average_en_precomputed,14,35361.87222222222,TP,0.4258509839797735,0.0492439478163459,32,EleutherAI_pythia-2.8b-deduped,2800000000.0,2.8,9.44715803134222
EleutherAI/pythia-2.8b-deduped,Pythia-2.8B-deduped,step143000,143000,299892736000,en,average_en_precomputed,14,35361.87222222222,aSTS,0.40275505415491,0.0334950195168696,40,EleutherAI_pythia-2.8b-deduped,2800000000.0,2.8,9.44715803134222
EleutherAI/pythia-2.8b-deduped,Pythia-2.8B-deduped,step143000,143000,299892736000,en,average_en_precomputed,14,35361.87222222222,pSTS,0.4193014977137541,0.0467636567724164,53,EleutherAI_pythia-2.8b-deduped,2800000000.0,2.8,9.44715803134222
EleutherAI/pythia-2.8b-deduped,Pythia-2.8B-deduped,step143000,143000,299892736000,en,average_en_precomputed,15,35361.87222222222,AG_TPJ,0.4343486222471991,0.0517545389721202,56,EleutherAI_pythia-2.8b-deduped,2800000000.0,2.8,9.44715803134222
EleutherAI/pythia-2.8b-deduped,Pythia-2.8B-deduped,step143000,143000,299892736000,en,average_en_precomputed,15,35361.87222222222,BA44,0.4470783381669393,0.0437362158304149,37,EleutherAI_pythia-2.8b-deduped,2800000000.0,2.8,9.44715803134222
EleutherAI/pythia-2.8b-deduped,Pythia-2.8B-deduped,step143000,143000,299892736000,en,average_en_precomputed,15,35361.87222222222,BA45,0.4903490235489207,0.054978874239082,50,EleutherAI_pythia-2.8b-deduped,2800000000.0,2.8,9.44715803134222
EleutherAI/pythia-2.8b-deduped,Pythia-2.8B-deduped,step143000,143000,299892736000,en,average_en_precomputed,15,35361.87222222222,BA47,0.4280239678444273,0.0332067683966322,68,EleutherAI_pythia-2.8b-deduped,2800000000.0,2.8,9.44715803134222
EleutherAI/pythia-2.8b-deduped,Pythia-2.8B-deduped,step143000,143000,299892736000,en,average_en_precomputed,15,35361.87222222222,TP,0.4236680284748864,0.0494686815624548,32,EleutherAI_pythia-2.8b-deduped,2800000000.0,2.8,9.44715803134222
EleutherAI/pythia-2.8b-deduped,Pythia-2.8B-deduped,step143000,143000,299892736000,en,average_en_precomputed,15,35361.87222222222,aSTS,0.4000654337502212,0.0334429523585531,40,EleutherAI_pythia-2.8b-deduped,2800000000.0,2.8,9.44715803134222
EleutherAI/pythia-2.8b-deduped,Pythia-2.8B-deduped,step143000,143000,299892736000,en,average_en_precomputed,15,35361.87222222222,pSTS,0.4120670874489037,0.0473832890296872,53,EleutherAI_pythia-2.8b-deduped,2800000000.0,2.8,9.44715803134222
EleutherAI/pythia-2.8b-deduped,Pythia-2.8B-deduped,step143000,143000,299892736000,en,average_en_precomputed,16,35361.87222222222,AG_TPJ,0.4316101540499317,0.0502829613354284,56,EleutherAI_pythia-2.8b-deduped,2800000000.0,2.8,9.44715803134222
EleutherAI/pythia-2.8b-deduped,Pythia-2.8B-deduped,step143000,143000,299892736000,en,average_en_precomputed,16,35361.87222222222,BA44,0.4482459531298583,0.0421976341416391,37,EleutherAI_pythia-2.8b-deduped,2800000000.0,2.8,9.44715803134222
EleutherAI/pythia-2.8b-deduped,Pythia-2.8B-deduped,step143000,143000,299892736000,en,average_en_precomputed,16,35361.87222222222,BA45,0.4916017556351946,0.0554133929525972,50,EleutherAI_pythia-2.8b-deduped,2800000000.0,2.8,9.44715803134222
EleutherAI/pythia-2.8b-deduped,Pythia-2.8B-deduped,step143000,143000,299892736000,en,average_en_precomputed,16,35361.87222222222,BA47,0.4246183867281364,0.033493055532954,68,EleutherAI_pythia-2.8b-deduped,2800000000.0,2.8,9.44715803134222
EleutherAI/pythia-2.8b-deduped,Pythia-2.8B-deduped,step143000,143000,299892736000,en,average_en_precomputed,16,35361.87222222222,TP,0.4191042049385847,0.0492094908020675,32,EleutherAI_pythia-2.8b-deduped,2800000000.0,2.8,9.44715803134222
EleutherAI/pythia-2.8b-deduped,Pythia-2.8B-deduped,step143000,143000,299892736000,en,average_en_precomputed,16,35361.87222222222,aSTS,0.3991088698701747,0.0326230640084408,40,EleutherAI_pythia-2.8b-deduped,2800000000.0,2.8,9.44715803134222
EleutherAI/pythia-2.8b-deduped,Pythia-2.8B-deduped,step143000,143000,299892736000,en,average_en_precomputed,16,35361.87222222222,pSTS,0.4119147311610047,0.0464666240547786,53,EleutherAI_pythia-2.8b-deduped,2800000000.0,2.8,9.44715803134222
EleutherAI/pythia-2.8b-deduped,Pythia-2.8B-deduped,step143000,143000,299892736000,en,average_en_precomputed,17,35361.87222222222,AG_TPJ,0.4254549882312507,0.0482325284528195,56,EleutherAI_pythia-2.8b-deduped,2800000000.0,2.8,9.44715803134222
EleutherAI/pythia-2.8b-deduped,Pythia-2.8B-deduped,step143000,143000,299892736000,en,average_en_precomputed,17,35361.87222222222,BA44,0.4475359801214809,0.0431563674428275,37,EleutherAI_pythia-2.8b-deduped,2800000000.0,2.8,9.44715803134222
EleutherAI/pythia-2.8b-deduped,Pythia-2.8B-deduped,step143000,143000,299892736000,en,average_en_precomputed,17,35361.87222222222,BA45,0.4906513518861028,0.0548674638065023,50,EleutherAI_pythia-2.8b-deduped,2800000000.0,2.8,9.44715803134222
EleutherAI/pythia-2.8b-deduped,Pythia-2.8B-deduped,step143000,143000,299892736000,en,average_en_precomputed,17,35361.87222222222,BA47,0.4245742603094665,0.0342554997232763,68,EleutherAI_pythia-2.8b-deduped,2800000000.0,2.8,9.44715803134222
EleutherAI/pythia-2.8b-deduped,Pythia-2.8B-deduped,step143000,143000,299892736000,en,average_en_precomputed,17,35361.87222222222,TP,0.4205793794956441,0.0492368160825773,32,EleutherAI_pythia-2.8b-deduped,2800000000.0,2.8,9.44715803134222
EleutherAI/pythia-2.8b-deduped,Pythia-2.8B-deduped,step143000,143000,299892736000,en,average_en_precomputed,17,35361.87222222222,aSTS,0.4001114479327453,0.0287765872168083,40,EleutherAI_pythia-2.8b-deduped,2800000000.0,2.8,9.44715803134222
EleutherAI/pythia-2.8b-deduped,Pythia-2.8B-deduped,step143000,143000,299892736000,en,average_en_precomputed,17,35361.87222222222,pSTS,0.4115127218992288,0.0441043833804805,53,EleutherAI_pythia-2.8b-deduped,2800000000.0,2.8,9.44715803134222
EleutherAI/pythia-2.8b-deduped,Pythia-2.8B-deduped,step143000,143000,299892736000,en,average_en_precomputed,18,35361.87222222222,AG_TPJ,0.4203121127828786,0.0500759314086013,56,EleutherAI_pythia-2.8b-deduped,2800000000.0,2.8,9.44715803134222
EleutherAI/pythia-2.8b-deduped,Pythia-2.8B-deduped,step143000,143000,299892736000,en,average_en_precomputed,18,35361.87222222222,BA44,0.4417004002305337,0.0424850688608327,37,EleutherAI_pythia-2.8b-deduped,2800000000.0,2.8,9.44715803134222
EleutherAI/pythia-2.8b-deduped,Pythia-2.8B-deduped,step143000,143000,299892736000,en,average_en_precomputed,18,35361.87222222222,BA45,0.4841285707619731,0.0536837175228123,50,EleutherAI_pythia-2.8b-deduped,2800000000.0,2.8,9.44715803134222
EleutherAI/pythia-2.8b-deduped,Pythia-2.8B-deduped,step143000,143000,299892736000,en,average_en_precomputed,18,35361.87222222222,BA47,0.4194895101100981,0.0341248357352235,68,EleutherAI_pythia-2.8b-deduped,2800000000.0,2.8,9.44715803134222
EleutherAI/pythia-2.8b-deduped,Pythia-2.8B-deduped,step143000,143000,299892736000,en,average_en_precomputed,18,35361.87222222222,TP,0.4170762685976573,0.0499697463086533,32,EleutherAI_pythia-2.8b-deduped,2800000000.0,2.8,9.44715803134222
EleutherAI/pythia-2.8b-deduped,Pythia-2.8B-deduped,step143000,143000,299892736000,en,average_en_precomputed,18,35361.87222222222,aSTS,0.3981325988555954,0.0289286190777956,40,EleutherAI_pythia-2.8b-deduped,2800000000.0,2.8,9.44715803134222
EleutherAI/pythia-2.8b-deduped,Pythia-2.8B-deduped,step143000,143000,299892736000,en,average_en_precomputed,18,35361.87222222222,pSTS,0.4058487700489976,0.0442185563391965,53,EleutherAI_pythia-2.8b-deduped,2800000000.0,2.8,9.44715803134222
EleutherAI/pythia-2.8b-deduped,Pythia-2.8B-deduped,step143000,143000,299892736000,en,average_en_precomputed,19,35361.87222222222,AG_TPJ,0.4155688125644832,0.048295397644645,56,EleutherAI_pythia-2.8b-deduped,2800000000.0,2.8,9.44715803134222
EleutherAI/pythia-2.8b-deduped,Pythia-2.8B-deduped,step143000,143000,299892736000,en,average_en_precomputed,19,35361.87222222222,BA44,0.4415240943284423,0.04335709693465,37,EleutherAI_pythia-2.8b-deduped,2800000000.0,2.8,9.44715803134222
EleutherAI/pythia-2.8b-deduped,Pythia-2.8B-deduped,step143000,143000,299892736000,en,average_en_precomputed,19,35361.87222222222,BA45,0.4844840440945861,0.0547753225712175,50,EleutherAI_pythia-2.8b-deduped,2800000000.0,2.8,9.44715803134222
EleutherAI/pythia-2.8b-deduped,Pythia-2.8B-deduped,step143000,143000,299892736000,en,average_en_precomputed,19,35361.87222222222,BA47,0.4172585378689478,0.0343530274602216,68,EleutherAI_pythia-2.8b-deduped,2800000000.0,2.8,9.44715803134222
EleutherAI/pythia-2.8b-deduped,Pythia-2.8B-deduped,step143000,143000,299892736000,en,average_en_precomputed,19,35361.87222222222,TP,0.4134689665198544,0.0502313779799586,32,EleutherAI_pythia-2.8b-deduped,2800000000.0,2.8,9.44715803134222
EleutherAI/pythia-2.8b-deduped,Pythia-2.8B-deduped,step143000,143000,299892736000,en,average_en_precomputed,19,35361.87222222222,aSTS,0.3941458635153788,0.0271060415295502,40,EleutherAI_pythia-2.8b-deduped,2800000000.0,2.8,9.44715803134222
EleutherAI/pythia-2.8b-deduped,Pythia-2.8B-deduped,step143000,143000,299892736000,en,average_en_precomputed,19,35361.87222222222,pSTS,0.4035754498412845,0.0433831853813477,53,EleutherAI_pythia-2.8b-deduped,2800000000.0,2.8,9.44715803134222
EleutherAI/pythia-2.8b-deduped,Pythia-2.8B-deduped,step143000,143000,299892736000,en,average_en_precomputed,20,35361.87222222222,AG_TPJ,0.4158668518870951,0.0477512115100036,56,EleutherAI_pythia-2.8b-deduped,2800000000.0,2.8,9.44715803134222
EleutherAI/pythia-2.8b-deduped,Pythia-2.8B-deduped,step143000,143000,299892736000,en,average_en_precomputed,20,35361.87222222222,BA44,0.4397730959265162,0.0433890550394356,37,EleutherAI_pythia-2.8b-deduped,2800000000.0,2.8,9.44715803134222
EleutherAI/pythia-2.8b-deduped,Pythia-2.8B-deduped,step143000,143000,299892736000,en,average_en_precomputed,20,35361.87222222222,BA45,0.4837121643109134,0.0548344909559625,50,EleutherAI_pythia-2.8b-deduped,2800000000.0,2.8,9.44715803134222
EleutherAI/pythia-2.8b-deduped,Pythia-2.8B-deduped,step143000,143000,299892736000,en,average_en_precomputed,20,35361.87222222222,BA47,0.4153238171045169,0.0345734378039354,68,EleutherAI_pythia-2.8b-deduped,2800000000.0,2.8,9.44715803134222
EleutherAI/pythia-2.8b-deduped,Pythia-2.8B-deduped,step143000,143000,299892736000,en,average_en_precomputed,20,35361.87222222222,TP,0.4141609988718038,0.05020691016439,32,EleutherAI_pythia-2.8b-deduped,2800000000.0,2.8,9.44715803134222
EleutherAI/pythia-2.8b-deduped,Pythia-2.8B-deduped,step143000,143000,299892736000,en,average_en_precomputed,20,35361.87222222222,aSTS,0.3944867282662238,0.0263266341037764,40,EleutherAI_pythia-2.8b-deduped,2800000000.0,2.8,9.44715803134222
EleutherAI/pythia-2.8b-deduped,Pythia-2.8B-deduped,step143000,143000,299892736000,en,average_en_precomputed,20,35361.87222222222,pSTS,0.4027125481213445,0.043741145534181,53,EleutherAI_pythia-2.8b-deduped,2800000000.0,2.8,9.44715803134222
EleutherAI/pythia-2.8b-deduped,Pythia-2.8B-deduped,step143000,143000,299892736000,en,average_en_precomputed,21,35361.87222222222,AG_TPJ,0.4139504677243397,0.0497901301986291,56,EleutherAI_pythia-2.8b-deduped,2800000000.0,2.8,9.44715803134222
EleutherAI/pythia-2.8b-deduped,Pythia-2.8B-deduped,step143000,143000,299892736000,en,average_en_precomputed,21,35361.87222222222,BA44,0.4364658921116459,0.0434542371856893,37,EleutherAI_pythia-2.8b-deduped,2800000000.0,2.8,9.44715803134222
EleutherAI/pythia-2.8b-deduped,Pythia-2.8B-deduped,step143000,143000,299892736000,en,average_en_precomputed,21,35361.87222222222,BA45,0.4816904052963807,0.0562204980055403,50,EleutherAI_pythia-2.8b-deduped,2800000000.0,2.8,9.44715803134222
EleutherAI/pythia-2.8b-deduped,Pythia-2.8B-deduped,step143000,143000,299892736000,en,average_en_precomputed,21,35361.87222222222,BA47,0.4142409752845559,0.0345681981426301,68,EleutherAI_pythia-2.8b-deduped,2800000000.0,2.8,9.44715803134222
EleutherAI/pythia-2.8b-deduped,Pythia-2.8B-deduped,step143000,143000,299892736000,en,average_en_precomputed,21,35361.87222222222,TP,0.4145092490764737,0.0505493450084326,32,EleutherAI_pythia-2.8b-deduped,2800000000.0,2.8,9.44715803134222
EleutherAI/pythia-2.8b-deduped,Pythia-2.8B-deduped,step143000,143000,299892736000,en,average_en_precomputed,21,35361.87222222222,aSTS,0.3916407294371132,0.0280848569683532,40,EleutherAI_pythia-2.8b-deduped,2800000000.0,2.8,9.44715803134222
EleutherAI/pythia-2.8b-deduped,Pythia-2.8B-deduped,step143000,143000,299892736000,en,average_en_precomputed,21,35361.87222222222,pSTS,0.3997873059210401,0.0449022602703992,53,EleutherAI_pythia-2.8b-deduped,2800000000.0,2.8,9.44715803134222
EleutherAI/pythia-2.8b-deduped,Pythia-2.8B-deduped,step143000,143000,299892736000,en,average_en_precomputed,22,35361.87222222222,AG_TPJ,0.4059832447972247,0.0502869757428856,56,EleutherAI_pythia-2.8b-deduped,2800000000.0,2.8,9.44715803134222
EleutherAI/pythia-2.8b-deduped,Pythia-2.8B-deduped,step143000,143000,299892736000,en,average_en_precomputed,22,35361.87222222222,BA44,0.4313293597763418,0.0425244843240375,37,EleutherAI_pythia-2.8b-deduped,2800000000.0,2.8,9.44715803134222
EleutherAI/pythia-2.8b-deduped,Pythia-2.8B-deduped,step143000,143000,299892736000,en,average_en_precomputed,22,35361.87222222222,BA45,0.4766090445776225,0.055526890219953,50,EleutherAI_pythia-2.8b-deduped,2800000000.0,2.8,9.44715803134222
EleutherAI/pythia-2.8b-deduped,Pythia-2.8B-deduped,step143000,143000,299892736000,en,average_en_precomputed,22,35361.87222222222,BA47,0.4104652905132862,0.0339558163755891,68,EleutherAI_pythia-2.8b-deduped,2800000000.0,2.8,9.44715803134222
EleutherAI/pythia-2.8b-deduped,Pythia-2.8B-deduped,step143000,143000,299892736000,en,average_en_precomputed,22,35361.87222222222,TP,0.4165442533194923,0.0501039596002042,32,EleutherAI_pythia-2.8b-deduped,2800000000.0,2.8,9.44715803134222
EleutherAI/pythia-2.8b-deduped,Pythia-2.8B-deduped,step143000,143000,299892736000,en,average_en_precomputed,22,35361.87222222222,aSTS,0.3888259602422722,0.0304342095636138,40,EleutherAI_pythia-2.8b-deduped,2800000000.0,2.8,9.44715803134222
EleutherAI/pythia-2.8b-deduped,Pythia-2.8B-deduped,step143000,143000,299892736000,en,average_en_precomputed,22,35361.87222222222,pSTS,0.3936473149420475,0.0459834308196735,53,EleutherAI_pythia-2.8b-deduped,2800000000.0,2.8,9.44715803134222
EleutherAI/pythia-2.8b-deduped,Pythia-2.8B-deduped,step143000,143000,299892736000,en,average_en_precomputed,23,35361.87222222222,AG_TPJ,0.4013795103239549,0.0484714333213366,56,EleutherAI_pythia-2.8b-deduped,2800000000.0,2.8,9.44715803134222
EleutherAI/pythia-2.8b-deduped,Pythia-2.8B-deduped,step143000,143000,299892736000,en,average_en_precomputed,23,35361.87222222222,BA44,0.427512147295761,0.0429358845412145,37,EleutherAI_pythia-2.8b-deduped,2800000000.0,2.8,9.44715803134222
EleutherAI/pythia-2.8b-deduped,Pythia-2.8B-deduped,step143000,143000,299892736000,en,average_en_precomputed,23,35361.87222222222,BA45,0.4729328289127902,0.0573167049267073,50,EleutherAI_pythia-2.8b-deduped,2800000000.0,2.8,9.44715803134222
EleutherAI/pythia-2.8b-deduped,Pythia-2.8B-deduped,step143000,143000,299892736000,en,average_en_precomputed,23,35361.87222222222,BA47,0.4036294744886623,0.0352665445541726,68,EleutherAI_pythia-2.8b-deduped,2800000000.0,2.8,9.44715803134222
EleutherAI/pythia-2.8b-deduped,Pythia-2.8B-deduped,step143000,143000,299892736000,en,average_en_precomputed,23,35361.87222222222,TP,0.4130385484643684,0.0498205194472273,32,EleutherAI_pythia-2.8b-deduped,2800000000.0,2.8,9.44715803134222
EleutherAI/pythia-2.8b-deduped,Pythia-2.8B-deduped,step143000,143000,299892736000,en,average_en_precomputed,23,35361.87222222222,aSTS,0.3844841719135142,0.0298659769748695,40,EleutherAI_pythia-2.8b-deduped,2800000000.0,2.8,9.44715803134222
EleutherAI/pythia-2.8b-deduped,Pythia-2.8B-deduped,step143000,143000,299892736000,en,average_en_precomputed,23,35361.87222222222,pSTS,0.3899187829981569,0.045351390397275,53,EleutherAI_pythia-2.8b-deduped,2800000000.0,2.8,9.44715803134222
EleutherAI/pythia-2.8b-deduped,Pythia-2.8B-deduped,step143000,143000,299892736000,en,average_en_precomputed,24,32598.367777777778,AG_TPJ,0.3944289981876708,0.047809174470569,56,EleutherAI_pythia-2.8b-deduped,2800000000.0,2.8,9.44715803134222
EleutherAI/pythia-2.8b-deduped,Pythia-2.8B-deduped,step143000,143000,299892736000,en,average_en_precomputed,24,32598.367777777778,BA44,0.4249980892692042,0.0427625592203717,37,EleutherAI_pythia-2.8b-deduped,2800000000.0,2.8,9.44715803134222
EleutherAI/pythia-2.8b-deduped,Pythia-2.8B-deduped,step143000,143000,299892736000,en,average_en_precomputed,24,32598.367777777778,BA45,0.4705790325538739,0.0577759578926423,50,EleutherAI_pythia-2.8b-deduped,2800000000.0,2.8,9.44715803134222
EleutherAI/pythia-2.8b-deduped,Pythia-2.8B-deduped,step143000,143000,299892736000,en,average_en_precomputed,24,32598.367777777778,BA47,0.3992902193567144,0.0360419934959166,68,EleutherAI_pythia-2.8b-deduped,2800000000.0,2.8,9.44715803134222
EleutherAI/pythia-2.8b-deduped,Pythia-2.8B-deduped,step143000,143000,299892736000,en,average_en_precomputed,24,32598.367777777778,TP,0.4120709799413931,0.0500465878934466,32,EleutherAI_pythia-2.8b-deduped,2800000000.0,2.8,9.44715803134222
EleutherAI/pythia-2.8b-deduped,Pythia-2.8B-deduped,step143000,143000,299892736000,en,average_en_precomputed,24,32598.367777777778,aSTS,0.3809431437357083,0.0301150788134694,40,EleutherAI_pythia-2.8b-deduped,2800000000.0,2.8,9.44715803134222
EleutherAI/pythia-2.8b-deduped,Pythia-2.8B-deduped,step143000,143000,299892736000,en,average_en_precomputed,24,32598.367777777778,pSTS,0.3884107966607478,0.0458574524547547,53,EleutherAI_pythia-2.8b-deduped,2800000000.0,2.8,9.44715803134222
EleutherAI/pythia-2.8b-deduped,Pythia-2.8B-deduped,step143000,143000,299892736000,en,average_en_precomputed,25,29834.863333333327,AG_TPJ,0.394359068505362,0.0476615017671525,56,EleutherAI_pythia-2.8b-deduped,2800000000.0,2.8,9.44715803134222
EleutherAI/pythia-2.8b-deduped,Pythia-2.8B-deduped,step143000,143000,299892736000,en,average_en_precomputed,25,29834.863333333327,BA44,0.4227565632974729,0.043363523684644,37,EleutherAI_pythia-2.8b-deduped,2800000000.0,2.8,9.44715803134222
EleutherAI/pythia-2.8b-deduped,Pythia-2.8B-deduped,step143000,143000,299892736000,en,average_en_precomputed,25,29834.863333333327,BA45,0.4690548675650651,0.0580816694820302,50,EleutherAI_pythia-2.8b-deduped,2800000000.0,2.8,9.44715803134222
EleutherAI/pythia-2.8b-deduped,Pythia-2.8B-deduped,step143000,143000,299892736000,en,average_en_precomputed,25,29834.863333333327,BA47,0.3967774884719758,0.0364762294542046,68,EleutherAI_pythia-2.8b-deduped,2800000000.0,2.8,9.44715803134222
EleutherAI/pythia-2.8b-deduped,Pythia-2.8B-deduped,step143000,143000,299892736000,en,average_en_precomputed,25,29834.863333333327,TP,0.4127346575398322,0.0502340868164965,32,EleutherAI_pythia-2.8b-deduped,2800000000.0,2.8,9.44715803134222
EleutherAI/pythia-2.8b-deduped,Pythia-2.8B-deduped,step143000,143000,299892736000,en,average_en_precomputed,25,29834.863333333327,aSTS,0.379474470510328,0.0310896865927897,40,EleutherAI_pythia-2.8b-deduped,2800000000.0,2.8,9.44715803134222
EleutherAI/pythia-2.8b-deduped,Pythia-2.8B-deduped,step143000,143000,299892736000,en,average_en_precomputed,25,29834.863333333327,pSTS,0.387563952225419,0.0476202193662304,53,EleutherAI_pythia-2.8b-deduped,2800000000.0,2.8,9.44715803134222
EleutherAI/pythia-2.8b-deduped,Pythia-2.8B-deduped,step143000,143000,299892736000,en,average_en_precomputed,26,29834.863333333327,AG_TPJ,0.3876948165315178,0.0494063126901411,56,EleutherAI_pythia-2.8b-deduped,2800000000.0,2.8,9.44715803134222
EleutherAI/pythia-2.8b-deduped,Pythia-2.8B-deduped,step143000,143000,299892736000,en,average_en_precomputed,26,29834.863333333327,BA44,0.4215595808707333,0.0436907781527443,37,EleutherAI_pythia-2.8b-deduped,2800000000.0,2.8,9.44715803134222
EleutherAI/pythia-2.8b-deduped,Pythia-2.8B-deduped,step143000,143000,299892736000,en,average_en_precomputed,26,29834.863333333327,BA45,0.4658351143160106,0.0581130716980053,50,EleutherAI_pythia-2.8b-deduped,2800000000.0,2.8,9.44715803134222
EleutherAI/pythia-2.8b-deduped,Pythia-2.8B-deduped,step143000,143000,299892736000,en,average_en_precomputed,26,29834.863333333327,BA47,0.3936576487913664,0.0364025027961315,68,EleutherAI_pythia-2.8b-deduped,2800000000.0,2.8,9.44715803134222
EleutherAI/pythia-2.8b-deduped,Pythia-2.8B-deduped,step143000,143000,299892736000,en,average_en_precomputed,26,29834.863333333327,TP,0.4110328046312252,0.0504918194130085,32,EleutherAI_pythia-2.8b-deduped,2800000000.0,2.8,9.44715803134222
EleutherAI/pythia-2.8b-deduped,Pythia-2.8B-deduped,step143000,143000,299892736000,en,average_en_precomputed,26,29834.863333333327,aSTS,0.3743392879258932,0.0314062989047208,40,EleutherAI_pythia-2.8b-deduped,2800000000.0,2.8,9.44715803134222
EleutherAI/pythia-2.8b-deduped,Pythia-2.8B-deduped,step143000,143000,299892736000,en,average_en_precomputed,26,29834.863333333327,pSTS,0.3823939220503705,0.047675114240822,53,EleutherAI_pythia-2.8b-deduped,2800000000.0,2.8,9.44715803134222
EleutherAI/pythia-2.8b-deduped,Pythia-2.8B-deduped,step143000,143000,299892736000,en,average_en_precomputed,27,32598.367777777778,AG_TPJ,0.384012828876702,0.0513684527686143,56,EleutherAI_pythia-2.8b-deduped,2800000000.0,2.8,9.44715803134222
EleutherAI/pythia-2.8b-deduped,Pythia-2.8B-deduped,step143000,143000,299892736000,en,average_en_precomputed,27,32598.367777777778,BA44,0.4201689968875437,0.0438553854005974,37,EleutherAI_pythia-2.8b-deduped,2800000000.0,2.8,9.44715803134222
EleutherAI/pythia-2.8b-deduped,Pythia-2.8B-deduped,step143000,143000,299892736000,en,average_en_precomputed,27,32598.367777777778,BA45,0.4640273045726006,0.0582281304705189,50,EleutherAI_pythia-2.8b-deduped,2800000000.0,2.8,9.44715803134222
EleutherAI/pythia-2.8b-deduped,Pythia-2.8B-deduped,step143000,143000,299892736000,en,average_en_precomputed,27,32598.367777777778,BA47,0.3928504261253918,0.0360627366465611,68,EleutherAI_pythia-2.8b-deduped,2800000000.0,2.8,9.44715803134222
EleutherAI/pythia-2.8b-deduped,Pythia-2.8B-deduped,step143000,143000,299892736000,en,average_en_precomputed,27,32598.367777777778,TP,0.4106968661262424,0.0502072833852789,32,EleutherAI_pythia-2.8b-deduped,2800000000.0,2.8,9.44715803134222
EleutherAI/pythia-2.8b-deduped,Pythia-2.8B-deduped,step143000,143000,299892736000,en,average_en_precomputed,27,32598.367777777778,aSTS,0.3714779147988805,0.0321097866012579,40,EleutherAI_pythia-2.8b-deduped,2800000000.0,2.8,9.44715803134222
EleutherAI/pythia-2.8b-deduped,Pythia-2.8B-deduped,step143000,143000,299892736000,en,average_en_precomputed,27,32598.367777777778,pSTS,0.3780489150669113,0.0477632712213707,53,EleutherAI_pythia-2.8b-deduped,2800000000.0,2.8,9.44715803134222
EleutherAI/pythia-2.8b-deduped,Pythia-2.8B-deduped,step143000,143000,299892736000,en,average_en_precomputed,28,32598.367777777778,AG_TPJ,0.3786937119761729,0.0515411503896284,56,EleutherAI_pythia-2.8b-deduped,2800000000.0,2.8,9.44715803134222
EleutherAI/pythia-2.8b-deduped,Pythia-2.8B-deduped,step143000,143000,299892736000,en,average_en_precomputed,28,32598.367777777778,BA44,0.4193244336086353,0.0438047172559102,37,EleutherAI_pythia-2.8b-deduped,2800000000.0,2.8,9.44715803134222
EleutherAI/pythia-2.8b-deduped,Pythia-2.8B-deduped,step143000,143000,299892736000,en,average_en_precomputed,28,32598.367777777778,BA45,0.4636096414340663,0.0583767274730354,50,EleutherAI_pythia-2.8b-deduped,2800000000.0,2.8,9.44715803134222
EleutherAI/pythia-2.8b-deduped,Pythia-2.8B-deduped,step143000,143000,299892736000,en,average_en_precomputed,28,32598.367777777778,BA47,0.392094738481254,0.0359941435741832,68,EleutherAI_pythia-2.8b-deduped,2800000000.0,2.8,9.44715803134222
EleutherAI/pythia-2.8b-deduped,Pythia-2.8B-deduped,step143000,143000,299892736000,en,average_en_precomputed,28,32598.367777777778,TP,0.4088073511820345,0.0501916804628892,32,EleutherAI_pythia-2.8b-deduped,2800000000.0,2.8,9.44715803134222
EleutherAI/pythia-2.8b-deduped,Pythia-2.8B-deduped,step143000,143000,299892736000,en,average_en_precomputed,28,32598.367777777778,aSTS,0.3672027209633485,0.0316380616584321,40,EleutherAI_pythia-2.8b-deduped,2800000000.0,2.8,9.44715803134222
EleutherAI/pythia-2.8b-deduped,Pythia-2.8B-deduped,step143000,143000,299892736000,en,average_en_precomputed,28,32598.367777777778,pSTS,0.3763052388568309,0.047146498289202,53,EleutherAI_pythia-2.8b-deduped,2800000000.0,2.8,9.44715803134222
EleutherAI/pythia-2.8b-deduped,Pythia-2.8B-deduped,step143000,143000,299892736000,en,average_en_precomputed,29,27071.358888888888,AG_TPJ,0.3836433997798109,0.0497390206972037,56,EleutherAI_pythia-2.8b-deduped,2800000000.0,2.8,9.44715803134222
EleutherAI/pythia-2.8b-deduped,Pythia-2.8B-deduped,step143000,143000,299892736000,en,average_en_precomputed,29,27071.358888888888,BA44,0.4204590380834873,0.0429033459007503,37,EleutherAI_pythia-2.8b-deduped,2800000000.0,2.8,9.44715803134222
EleutherAI/pythia-2.8b-deduped,Pythia-2.8B-deduped,step143000,143000,299892736000,en,average_en_precomputed,29,27071.358888888888,BA45,0.4630215544641525,0.0584051973929252,50,EleutherAI_pythia-2.8b-deduped,2800000000.0,2.8,9.44715803134222
EleutherAI/pythia-2.8b-deduped,Pythia-2.8B-deduped,step143000,143000,299892736000,en,average_en_precomputed,29,27071.358888888888,BA47,0.3906482550840871,0.0359857754975411,68,EleutherAI_pythia-2.8b-deduped,2800000000.0,2.8,9.44715803134222
EleutherAI/pythia-2.8b-deduped,Pythia-2.8B-deduped,step143000,143000,299892736000,en,average_en_precomputed,29,27071.358888888888,TP,0.4059242359956834,0.0507564636908526,32,EleutherAI_pythia-2.8b-deduped,2800000000.0,2.8,9.44715803134222
EleutherAI/pythia-2.8b-deduped,Pythia-2.8B-deduped,step143000,143000,299892736000,en,average_en_precomputed,29,27071.358888888888,aSTS,0.3677562227485469,0.032907917810855,40,EleutherAI_pythia-2.8b-deduped,2800000000.0,2.8,9.44715803134222
EleutherAI/pythia-2.8b-deduped,Pythia-2.8B-deduped,step143000,143000,299892736000,en,average_en_precomputed,29,27071.358888888888,pSTS,0.3773470138815917,0.0478106636885867,53,EleutherAI_pythia-2.8b-deduped,2800000000.0,2.8,9.44715803134222
EleutherAI/pythia-2.8b-deduped,Pythia-2.8B-deduped,step143000,143000,299892736000,en,average_en_precomputed,30,32598.367777777778,AG_TPJ,0.3762846354666312,0.0499746846020972,56,EleutherAI_pythia-2.8b-deduped,2800000000.0,2.8,9.44715803134222
EleutherAI/pythia-2.8b-deduped,Pythia-2.8B-deduped,step143000,143000,299892736000,en,average_en_precomputed,30,32598.367777777778,BA44,0.4188025477677257,0.0431476920684649,37,EleutherAI_pythia-2.8b-deduped,2800000000.0,2.8,9.44715803134222
EleutherAI/pythia-2.8b-deduped,Pythia-2.8B-deduped,step143000,143000,299892736000,en,average_en_precomputed,30,32598.367777777778,BA45,0.4617184854379285,0.0583636779670715,50,EleutherAI_pythia-2.8b-deduped,2800000000.0,2.8,9.44715803134222
EleutherAI/pythia-2.8b-deduped,Pythia-2.8B-deduped,step143000,143000,299892736000,en,average_en_precomputed,30,32598.367777777778,BA47,0.3910297637870591,0.036020902689887,68,EleutherAI_pythia-2.8b-deduped,2800000000.0,2.8,9.44715803134222
EleutherAI/pythia-2.8b-deduped,Pythia-2.8B-deduped,step143000,143000,299892736000,en,average_en_precomputed,30,32598.367777777778,TP,0.4061484175544731,0.0496317253822703,32,EleutherAI_pythia-2.8b-deduped,2800000000.0,2.8,9.44715803134222
EleutherAI/pythia-2.8b-deduped,Pythia-2.8B-deduped,step143000,143000,299892736000,en,average_en_precomputed,30,32598.367777777778,aSTS,0.3654128998768363,0.0305139726874764,40,EleutherAI_pythia-2.8b-deduped,2800000000.0,2.8,9.44715803134222
EleutherAI/pythia-2.8b-deduped,Pythia-2.8B-deduped,step143000,143000,299892736000,en,average_en_precomputed,30,32598.367777777778,pSTS,0.3750223485391835,0.0472985711782609,53,EleutherAI_pythia-2.8b-deduped,2800000000.0,2.8,9.44715803134222
EleutherAI/pythia-2.8b-deduped,Pythia-2.8B-deduped,step143000,143000,299892736000,en,average_en_precomputed,31,39606.17555555555,AG_TPJ,0.366234534885418,0.049802142127569,56,EleutherAI_pythia-2.8b-deduped,2800000000.0,2.8,9.44715803134222
EleutherAI/pythia-2.8b-deduped,Pythia-2.8B-deduped,step143000,143000,299892736000,en,average_en_precomputed,31,39606.17555555555,BA44,0.4151701581112618,0.042210466961463,37,EleutherAI_pythia-2.8b-deduped,2800000000.0,2.8,9.44715803134222
EleutherAI/pythia-2.8b-deduped,Pythia-2.8B-deduped,step143000,143000,299892736000,en,average_en_precomputed,31,39606.17555555555,BA45,0.4552167100076111,0.0579675731337393,50,EleutherAI_pythia-2.8b-deduped,2800000000.0,2.8,9.44715803134222
EleutherAI/pythia-2.8b-deduped,Pythia-2.8B-deduped,step143000,143000,299892736000,en,average_en_precomputed,31,39606.17555555555,BA47,0.3868025206968979,0.0361662411009706,68,EleutherAI_pythia-2.8b-deduped,2800000000.0,2.8,9.44715803134222
EleutherAI/pythia-2.8b-deduped,Pythia-2.8B-deduped,step143000,143000,299892736000,en,average_en_precomputed,31,39606.17555555555,TP,0.4021822409796648,0.0486811950030078,32,EleutherAI_pythia-2.8b-deduped,2800000000.0,2.8,9.44715803134222
EleutherAI/pythia-2.8b-deduped,Pythia-2.8B-deduped,step143000,143000,299892736000,en,average_en_precomputed,31,39606.17555555555,aSTS,0.3584554211106075,0.0288908719747886,40,EleutherAI_pythia-2.8b-deduped,2800000000.0,2.8,9.44715803134222
EleutherAI/pythia-2.8b-deduped,Pythia-2.8B-deduped,step143000,143000,299892736000,en,average_en_precomputed,31,39606.17555555555,pSTS,0.3696729719621403,0.0476049762185302,53,EleutherAI_pythia-2.8b-deduped,2800000000.0,2.8,9.44715803134222
EleutherAI/pythia-2.8b-deduped,Pythia-2.8B-deduped,step143000,143000,299892736000,en,average_en_precomputed,32,28552.15777777777,AG_TPJ,0.3523646790105513,0.0508092532482169,56,EleutherAI_pythia-2.8b-deduped,2800000000.0,2.8,9.44715803134222
EleutherAI/pythia-2.8b-deduped,Pythia-2.8B-deduped,step143000,143000,299892736000,en,average_en_precomputed,32,28552.15777777777,BA44,0.4126726414821455,0.0431469481402205,37,EleutherAI_pythia-2.8b-deduped,2800000000.0,2.8,9.44715803134222
EleutherAI/pythia-2.8b-deduped,Pythia-2.8B-deduped,step143000,143000,299892736000,en,average_en_precomputed,32,28552.15777777777,BA45,0.4542636979461694,0.0600656760906861,50,EleutherAI_pythia-2.8b-deduped,2800000000.0,2.8,9.44715803134222
EleutherAI/pythia-2.8b-deduped,Pythia-2.8B-deduped,step143000,143000,299892736000,en,average_en_precomputed,32,28552.15777777777,BA47,0.3830642818611017,0.037707308157487,68,EleutherAI_pythia-2.8b-deduped,2800000000.0,2.8,9.44715803134222
EleutherAI/pythia-2.8b-deduped,Pythia-2.8B-deduped,step143000,143000,299892736000,en,average_en_precomputed,32,28552.15777777777,TP,0.3950115026443761,0.0481353821870769,32,EleutherAI_pythia-2.8b-deduped,2800000000.0,2.8,9.44715803134222
EleutherAI/pythia-2.8b-deduped,Pythia-2.8B-deduped,step143000,143000,299892736000,en,average_en_precomputed,32,28552.15777777777,aSTS,0.3485302481488051,0.0275634323553126,40,EleutherAI_pythia-2.8b-deduped,2800000000.0,2.8,9.44715803134222
EleutherAI/pythia-2.8b-deduped,Pythia-2.8B-deduped,step143000,143000,299892736000,en,average_en_precomputed,32,28552.15777777777,pSTS,0.3665326105328897,0.0453332613856527,53,EleutherAI_pythia-2.8b-deduped,2800000000.0,2.8,9.44715803134222
EleutherAI/pythia-6.9b-deduped,Pythia-6.9B-deduped,step143000,143000,299892736000,en,average_en_precomputed,0,43652.38555555555,AG_TPJ,0.1950091683851022,0.0534163885220449,56,EleutherAI_pythia-6.9b-deduped,6900000000.0,6.9,9.838849090737256
EleutherAI/pythia-6.9b-deduped,Pythia-6.9B-deduped,step143000,143000,299892736000,en,average_en_precomputed,0,43652.38555555555,BA44,0.258264865980343,0.0437342426061384,37,EleutherAI_pythia-6.9b-deduped,6900000000.0,6.9,9.838849090737256
EleutherAI/pythia-6.9b-deduped,Pythia-6.9B-deduped,step143000,143000,299892736000,en,average_en_precomputed,0,43652.38555555555,BA45,0.2890766810891909,0.0626860511887201,50,EleutherAI_pythia-6.9b-deduped,6900000000.0,6.9,9.838849090737256
EleutherAI/pythia-6.9b-deduped,Pythia-6.9B-deduped,step143000,143000,299892736000,en,average_en_precomputed,0,43652.38555555555,BA47,0.2475829591368696,0.0404544789313903,68,EleutherAI_pythia-6.9b-deduped,6900000000.0,6.9,9.838849090737256
EleutherAI/pythia-6.9b-deduped,Pythia-6.9B-deduped,step143000,143000,299892736000,en,average_en_precomputed,0,43652.38555555555,TP,0.2625719374128279,0.0463776400246332,32,EleutherAI_pythia-6.9b-deduped,6900000000.0,6.9,9.838849090737256
EleutherAI/pythia-6.9b-deduped,Pythia-6.9B-deduped,step143000,143000,299892736000,en,average_en_precomputed,0,43652.38555555555,aSTS,0.1801190692851953,0.0437430665657145,40,EleutherAI_pythia-6.9b-deduped,6900000000.0,6.9,9.838849090737256
EleutherAI/pythia-6.9b-deduped,Pythia-6.9B-deduped,step143000,143000,299892736000,en,average_en_precomputed,0,43652.38555555555,pSTS,0.2128206349657936,0.0502637616078533,53,EleutherAI_pythia-6.9b-deduped,6900000000.0,6.9,9.838849090737256
EleutherAI/pythia-6.9b-deduped,Pythia-6.9B-deduped,step143000,143000,299892736000,en,average_en_precomputed,1,46415.89,AG_TPJ,0.2316691912214294,0.0516105530913867,56,EleutherAI_pythia-6.9b-deduped,6900000000.0,6.9,9.838849090737256
EleutherAI/pythia-6.9b-deduped,Pythia-6.9B-deduped,step143000,143000,299892736000,en,average_en_precomputed,1,46415.89,BA44,0.2921916156398572,0.0476244341598331,37,EleutherAI_pythia-6.9b-deduped,6900000000.0,6.9,9.838849090737256
EleutherAI/pythia-6.9b-deduped,Pythia-6.9B-deduped,step143000,143000,299892736000,en,average_en_precomputed,1,46415.89,BA45,0.3344792513045735,0.0665773666289653,50,EleutherAI_pythia-6.9b-deduped,6900000000.0,6.9,9.838849090737256
EleutherAI/pythia-6.9b-deduped,Pythia-6.9B-deduped,step143000,143000,299892736000,en,average_en_precomputed,1,46415.89,BA47,0.2702760128078851,0.0431907318862399,68,EleutherAI_pythia-6.9b-deduped,6900000000.0,6.9,9.838849090737256
EleutherAI/pythia-6.9b-deduped,Pythia-6.9B-deduped,step143000,143000,299892736000,en,average_en_precomputed,1,46415.89,TP,0.2986187855446726,0.0476108118321228,32,EleutherAI_pythia-6.9b-deduped,6900000000.0,6.9,9.838849090737256
EleutherAI/pythia-6.9b-deduped,Pythia-6.9B-deduped,step143000,143000,299892736000,en,average_en_precomputed,1,46415.89,aSTS,0.2423080010337135,0.0309175985328252,40,EleutherAI_pythia-6.9b-deduped,6900000000.0,6.9,9.838849090737256
EleutherAI/pythia-6.9b-deduped,Pythia-6.9B-deduped,step143000,143000,299892736000,en,average_en_precomputed,1,46415.89,pSTS,0.2625239761834293,0.0442903098910203,53,EleutherAI_pythia-6.9b-deduped,6900000000.0,6.9,9.838849090737256
EleutherAI/pythia-6.9b-deduped,Pythia-6.9B-deduped,step143000,143000,299892736000,en,average_en_precomputed,2,46415.89,AG_TPJ,0.2408578302302628,0.0526942776418485,56,EleutherAI_pythia-6.9b-deduped,6900000000.0,6.9,9.838849090737256
EleutherAI/pythia-6.9b-deduped,Pythia-6.9B-deduped,step143000,143000,299892736000,en,average_en_precomputed,2,46415.89,BA44,0.3066440321285457,0.0489430843957787,37,EleutherAI_pythia-6.9b-deduped,6900000000.0,6.9,9.838849090737256
EleutherAI/pythia-6.9b-deduped,Pythia-6.9B-deduped,step143000,143000,299892736000,en,average_en_precomputed,2,46415.89,BA45,0.3460757166652957,0.0709019961533781,50,EleutherAI_pythia-6.9b-deduped,6900000000.0,6.9,9.838849090737256
EleutherAI/pythia-6.9b-deduped,Pythia-6.9B-deduped,step143000,143000,299892736000,en,average_en_precomputed,2,46415.89,BA47,0.2904345132755528,0.0415735071813391,68,EleutherAI_pythia-6.9b-deduped,6900000000.0,6.9,9.838849090737256
EleutherAI/pythia-6.9b-deduped,Pythia-6.9B-deduped,step143000,143000,299892736000,en,average_en_precomputed,2,46415.89,TP,0.3062506146757406,0.04757394305159,32,EleutherAI_pythia-6.9b-deduped,6900000000.0,6.9,9.838849090737256
EleutherAI/pythia-6.9b-deduped,Pythia-6.9B-deduped,step143000,143000,299892736000,en,average_en_precomputed,2,46415.89,aSTS,0.2572543925793895,0.0290297976309414,40,EleutherAI_pythia-6.9b-deduped,6900000000.0,6.9,9.838849090737256
EleutherAI/pythia-6.9b-deduped,Pythia-6.9B-deduped,step143000,143000,299892736000,en,average_en_precomputed,2,46415.89,pSTS,0.2743025702412661,0.0412779958517919,53,EleutherAI_pythia-6.9b-deduped,6900000000.0,6.9,9.838849090737256
EleutherAI/pythia-6.9b-deduped,Pythia-6.9B-deduped,step143000,143000,299892736000,en,average_en_precomputed,3,46415.89,AG_TPJ,0.2724069420700052,0.0549526910128241,56,EleutherAI_pythia-6.9b-deduped,6900000000.0,6.9,9.838849090737256
EleutherAI/pythia-6.9b-deduped,Pythia-6.9B-deduped,step143000,143000,299892736000,en,average_en_precomputed,3,46415.89,BA44,0.3245018027708094,0.0483292425151052,37,EleutherAI_pythia-6.9b-deduped,6900000000.0,6.9,9.838849090737256
EleutherAI/pythia-6.9b-deduped,Pythia-6.9B-deduped,step143000,143000,299892736000,en,average_en_precomputed,3,46415.89,BA45,0.3705716857048988,0.0669306371516984,50,EleutherAI_pythia-6.9b-deduped,6900000000.0,6.9,9.838849090737256
EleutherAI/pythia-6.9b-deduped,Pythia-6.9B-deduped,step143000,143000,299892736000,en,average_en_precomputed,3,46415.89,BA47,0.3119916723467075,0.0401682568441849,68,EleutherAI_pythia-6.9b-deduped,6900000000.0,6.9,9.838849090737256
EleutherAI/pythia-6.9b-deduped,Pythia-6.9B-deduped,step143000,143000,299892736000,en,average_en_precomputed,3,46415.89,TP,0.3306356850286286,0.0464049727960601,32,EleutherAI_pythia-6.9b-deduped,6900000000.0,6.9,9.838849090737256
EleutherAI/pythia-6.9b-deduped,Pythia-6.9B-deduped,step143000,143000,299892736000,en,average_en_precomputed,3,46415.89,aSTS,0.2823026126673915,0.0271469859652698,40,EleutherAI_pythia-6.9b-deduped,6900000000.0,6.9,9.838849090737256
EleutherAI/pythia-6.9b-deduped,Pythia-6.9B-deduped,step143000,143000,299892736000,en,average_en_precomputed,3,46415.89,pSTS,0.2931029899386169,0.0407552253904476,53,EleutherAI_pythia-6.9b-deduped,6900000000.0,6.9,9.838849090737256
EleutherAI/pythia-6.9b-deduped,Pythia-6.9B-deduped,step143000,143000,299892736000,en,average_en_precomputed,4,46415.89,AG_TPJ,0.2829265564896799,0.056757382266975,56,EleutherAI_pythia-6.9b-deduped,6900000000.0,6.9,9.838849090737256
EleutherAI/pythia-6.9b-deduped,Pythia-6.9B-deduped,step143000,143000,299892736000,en,average_en_precomputed,4,46415.89,BA44,0.3515781039027982,0.0485173488742943,37,EleutherAI_pythia-6.9b-deduped,6900000000.0,6.9,9.838849090737256
EleutherAI/pythia-6.9b-deduped,Pythia-6.9B-deduped,step143000,143000,299892736000,en,average_en_precomputed,4,46415.89,BA45,0.3954278226587586,0.0684504708758707,50,EleutherAI_pythia-6.9b-deduped,6900000000.0,6.9,9.838849090737256
EleutherAI/pythia-6.9b-deduped,Pythia-6.9B-deduped,step143000,143000,299892736000,en,average_en_precomputed,4,46415.89,BA47,0.3427743446344182,0.0416962893103676,68,EleutherAI_pythia-6.9b-deduped,6900000000.0,6.9,9.838849090737256
EleutherAI/pythia-6.9b-deduped,Pythia-6.9B-deduped,step143000,143000,299892736000,en,average_en_precomputed,4,46415.89,TP,0.345875658473008,0.0446278521834193,32,EleutherAI_pythia-6.9b-deduped,6900000000.0,6.9,9.838849090737256
EleutherAI/pythia-6.9b-deduped,Pythia-6.9B-deduped,step143000,143000,299892736000,en,average_en_precomputed,4,46415.89,aSTS,0.3046251838994864,0.0235117703911662,40,EleutherAI_pythia-6.9b-deduped,6900000000.0,6.9,9.838849090737256
EleutherAI/pythia-6.9b-deduped,Pythia-6.9B-deduped,step143000,143000,299892736000,en,average_en_precomputed,4,46415.89,pSTS,0.3165157941627666,0.0413613609158606,53,EleutherAI_pythia-6.9b-deduped,6900000000.0,6.9,9.838849090737256
EleutherAI/pythia-6.9b-deduped,Pythia-6.9B-deduped,step143000,143000,299892736000,en,average_en_precomputed,5,46415.89,AG_TPJ,0.3324954654061291,0.0558431214138946,56,EleutherAI_pythia-6.9b-deduped,6900000000.0,6.9,9.838849090737256
EleutherAI/pythia-6.9b-deduped,Pythia-6.9B-deduped,step143000,143000,299892736000,en,average_en_precomputed,5,46415.89,BA44,0.3912722670886387,0.0501033997650039,37,EleutherAI_pythia-6.9b-deduped,6900000000.0,6.9,9.838849090737256
EleutherAI/pythia-6.9b-deduped,Pythia-6.9B-deduped,step143000,143000,299892736000,en,average_en_precomputed,5,46415.89,BA45,0.4289441954752906,0.0686970019370802,50,EleutherAI_pythia-6.9b-deduped,6900000000.0,6.9,9.838849090737256
EleutherAI/pythia-6.9b-deduped,Pythia-6.9B-deduped,step143000,143000,299892736000,en,average_en_precomputed,5,46415.89,BA47,0.376588378538935,0.0399188672853833,68,EleutherAI_pythia-6.9b-deduped,6900000000.0,6.9,9.838849090737256
EleutherAI/pythia-6.9b-deduped,Pythia-6.9B-deduped,step143000,143000,299892736000,en,average_en_precomputed,5,46415.89,TP,0.3845529425035274,0.0450456240450731,32,EleutherAI_pythia-6.9b-deduped,6900000000.0,6.9,9.838849090737256
EleutherAI/pythia-6.9b-deduped,Pythia-6.9B-deduped,step143000,143000,299892736000,en,average_en_precomputed,5,46415.89,aSTS,0.3489073887096824,0.0225232188562199,40,EleutherAI_pythia-6.9b-deduped,6900000000.0,6.9,9.838849090737256
EleutherAI/pythia-6.9b-deduped,Pythia-6.9B-deduped,step143000,143000,299892736000,en,average_en_precomputed,5,46415.89,pSTS,0.3625371486321831,0.0374462707145563,53,EleutherAI_pythia-6.9b-deduped,6900000000.0,6.9,9.838849090737256
EleutherAI/pythia-6.9b-deduped,Pythia-6.9B-deduped,step143000,143000,299892736000,en,average_en_precomputed,6,40888.88111111111,AG_TPJ,0.364046262646908,0.0561407196291893,56,EleutherAI_pythia-6.9b-deduped,6900000000.0,6.9,9.838849090737256
EleutherAI/pythia-6.9b-deduped,Pythia-6.9B-deduped,step143000,143000,299892736000,en,average_en_precomputed,6,40888.88111111111,BA44,0.4152156983026953,0.0485503814216377,37,EleutherAI_pythia-6.9b-deduped,6900000000.0,6.9,9.838849090737256
EleutherAI/pythia-6.9b-deduped,Pythia-6.9B-deduped,step143000,143000,299892736000,en,average_en_precomputed,6,40888.88111111111,BA45,0.4533894015094822,0.0652118666059045,50,EleutherAI_pythia-6.9b-deduped,6900000000.0,6.9,9.838849090737256
EleutherAI/pythia-6.9b-deduped,Pythia-6.9B-deduped,step143000,143000,299892736000,en,average_en_precomputed,6,40888.88111111111,BA47,0.4013581480589029,0.0378656970606211,68,EleutherAI_pythia-6.9b-deduped,6900000000.0,6.9,9.838849090737256
EleutherAI/pythia-6.9b-deduped,Pythia-6.9B-deduped,step143000,143000,299892736000,en,average_en_precomputed,6,40888.88111111111,TP,0.4111019796962507,0.044252969558931,32,EleutherAI_pythia-6.9b-deduped,6900000000.0,6.9,9.838849090737256
EleutherAI/pythia-6.9b-deduped,Pythia-6.9B-deduped,step143000,143000,299892736000,en,average_en_precomputed,6,40888.88111111111,aSTS,0.3769545602395943,0.0214786929136139,40,EleutherAI_pythia-6.9b-deduped,6900000000.0,6.9,9.838849090737256
EleutherAI/pythia-6.9b-deduped,Pythia-6.9B-deduped,step143000,143000,299892736000,en,average_en_precomputed,6,40888.88111111111,pSTS,0.3923338211923971,0.0392534375890489,53,EleutherAI_pythia-6.9b-deduped,6900000000.0,6.9,9.838849090737256
EleutherAI/pythia-6.9b-deduped,Pythia-6.9B-deduped,step143000,143000,299892736000,en,average_en_precomputed,7,38125.37666666667,AG_TPJ,0.3925760149058214,0.0538909842018841,56,EleutherAI_pythia-6.9b-deduped,6900000000.0,6.9,9.838849090737256
EleutherAI/pythia-6.9b-deduped,Pythia-6.9B-deduped,step143000,143000,299892736000,en,average_en_precomputed,7,38125.37666666667,BA44,0.4273435711654718,0.047427257605224,37,EleutherAI_pythia-6.9b-deduped,6900000000.0,6.9,9.838849090737256
EleutherAI/pythia-6.9b-deduped,Pythia-6.9B-deduped,step143000,143000,299892736000,en,average_en_precomputed,7,38125.37666666667,BA45,0.4703237161084123,0.0635673133044833,50,EleutherAI_pythia-6.9b-deduped,6900000000.0,6.9,9.838849090737256
EleutherAI/pythia-6.9b-deduped,Pythia-6.9B-deduped,step143000,143000,299892736000,en,average_en_precomputed,7,38125.37666666667,BA47,0.4123506299669049,0.0377283817042146,68,EleutherAI_pythia-6.9b-deduped,6900000000.0,6.9,9.838849090737256
EleutherAI/pythia-6.9b-deduped,Pythia-6.9B-deduped,step143000,143000,299892736000,en,average_en_precomputed,7,38125.37666666667,TP,0.4198385613726199,0.0459142582115084,32,EleutherAI_pythia-6.9b-deduped,6900000000.0,6.9,9.838849090737256
EleutherAI/pythia-6.9b-deduped,Pythia-6.9B-deduped,step143000,143000,299892736000,en,average_en_precomputed,7,38125.37666666667,aSTS,0.3937898271330523,0.0249308479262441,40,EleutherAI_pythia-6.9b-deduped,6900000000.0,6.9,9.838849090737256
EleutherAI/pythia-6.9b-deduped,Pythia-6.9B-deduped,step143000,143000,299892736000,en,average_en_precomputed,7,38125.37666666667,pSTS,0.404218514659558,0.0417165655815237,53,EleutherAI_pythia-6.9b-deduped,6900000000.0,6.9,9.838849090737256
EleutherAI/pythia-6.9b-deduped,Pythia-6.9B-deduped,step143000,143000,299892736000,en,average_en_precomputed,8,46415.89,AG_TPJ,0.4118640839373073,0.0508946266892702,56,EleutherAI_pythia-6.9b-deduped,6900000000.0,6.9,9.838849090737256
EleutherAI/pythia-6.9b-deduped,Pythia-6.9B-deduped,step143000,143000,299892736000,en,average_en_precomputed,8,46415.89,BA44,0.4403790108085843,0.0470006376714104,37,EleutherAI_pythia-6.9b-deduped,6900000000.0,6.9,9.838849090737256
EleutherAI/pythia-6.9b-deduped,Pythia-6.9B-deduped,step143000,143000,299892736000,en,average_en_precomputed,8,46415.89,BA45,0.4804913897833723,0.0618767025678763,50,EleutherAI_pythia-6.9b-deduped,6900000000.0,6.9,9.838849090737256
EleutherAI/pythia-6.9b-deduped,Pythia-6.9B-deduped,step143000,143000,299892736000,en,average_en_precomputed,8,46415.89,BA47,0.4269180749622707,0.0355699954631418,68,EleutherAI_pythia-6.9b-deduped,6900000000.0,6.9,9.838849090737256
EleutherAI/pythia-6.9b-deduped,Pythia-6.9B-deduped,step143000,143000,299892736000,en,average_en_precomputed,8,46415.89,TP,0.4255946942526717,0.0457410461617869,32,EleutherAI_pythia-6.9b-deduped,6900000000.0,6.9,9.838849090737256
EleutherAI/pythia-6.9b-deduped,Pythia-6.9B-deduped,step143000,143000,299892736000,en,average_en_precomputed,8,46415.89,aSTS,0.3983144555995956,0.02764185155987,40,EleutherAI_pythia-6.9b-deduped,6900000000.0,6.9,9.838849090737256
EleutherAI/pythia-6.9b-deduped,Pythia-6.9B-deduped,step143000,143000,299892736000,en,average_en_precomputed,8,46415.89,pSTS,0.4170162186851112,0.0413666845309323,53,EleutherAI_pythia-6.9b-deduped,6900000000.0,6.9,9.838849090737256
EleutherAI/pythia-6.9b-deduped,Pythia-6.9B-deduped,step143000,143000,299892736000,en,average_en_precomputed,9,46415.89,AG_TPJ,0.4233735149369763,0.0466659757554348,56,EleutherAI_pythia-6.9b-deduped,6900000000.0,6.9,9.838849090737256
EleutherAI/pythia-6.9b-deduped,Pythia-6.9B-deduped,step143000,143000,299892736000,en,average_en_precomputed,9,46415.89,BA44,0.4411782479910113,0.0446473662201549,37,EleutherAI_pythia-6.9b-deduped,6900000000.0,6.9,9.838849090737256
EleutherAI/pythia-6.9b-deduped,Pythia-6.9B-deduped,step143000,143000,299892736000,en,average_en_precomputed,9,46415.89,BA45,0.4824430003198025,0.0613411561555675,50,EleutherAI_pythia-6.9b-deduped,6900000000.0,6.9,9.838849090737256
EleutherAI/pythia-6.9b-deduped,Pythia-6.9B-deduped,step143000,143000,299892736000,en,average_en_precomputed,9,46415.89,BA47,0.4274256137701637,0.0349495325386923,68,EleutherAI_pythia-6.9b-deduped,6900000000.0,6.9,9.838849090737256
EleutherAI/pythia-6.9b-deduped,Pythia-6.9B-deduped,step143000,143000,299892736000,en,average_en_precomputed,9,46415.89,TP,0.4297380325035956,0.0477340264988329,32,EleutherAI_pythia-6.9b-deduped,6900000000.0,6.9,9.838849090737256
EleutherAI/pythia-6.9b-deduped,Pythia-6.9B-deduped,step143000,143000,299892736000,en,average_en_precomputed,9,46415.89,aSTS,0.4087961758111714,0.0260399483372404,40,EleutherAI_pythia-6.9b-deduped,6900000000.0,6.9,9.838849090737256
EleutherAI/pythia-6.9b-deduped,Pythia-6.9B-deduped,step143000,143000,299892736000,en,average_en_precomputed,9,46415.89,pSTS,0.4255853392820996,0.0415085549576015,53,EleutherAI_pythia-6.9b-deduped,6900000000.0,6.9,9.838849090737256
EleutherAI/pythia-6.9b-deduped,Pythia-6.9B-deduped,step143000,143000,299892736000,en,average_en_precomputed,10,46415.89,AG_TPJ,0.4436213075996944,0.0474431369708921,56,EleutherAI_pythia-6.9b-deduped,6900000000.0,6.9,9.838849090737256
EleutherAI/pythia-6.9b-deduped,Pythia-6.9B-deduped,step143000,143000,299892736000,en,average_en_precomputed,10,46415.89,BA44,0.4526588073089279,0.0457999074574562,37,EleutherAI_pythia-6.9b-deduped,6900000000.0,6.9,9.838849090737256
EleutherAI/pythia-6.9b-deduped,Pythia-6.9B-deduped,step143000,143000,299892736000,en,average_en_precomputed,10,46415.89,BA45,0.4969658174826332,0.0615265657868718,50,EleutherAI_pythia-6.9b-deduped,6900000000.0,6.9,9.838849090737256
EleutherAI/pythia-6.9b-deduped,Pythia-6.9B-deduped,step143000,143000,299892736000,en,average_en_precomputed,10,46415.89,BA47,0.4381260528863583,0.0340791928212993,68,EleutherAI_pythia-6.9b-deduped,6900000000.0,6.9,9.838849090737256
EleutherAI/pythia-6.9b-deduped,Pythia-6.9B-deduped,step143000,143000,299892736000,en,average_en_precomputed,10,46415.89,TP,0.4335271364793529,0.0493902862445635,32,EleutherAI_pythia-6.9b-deduped,6900000000.0,6.9,9.838849090737256
EleutherAI/pythia-6.9b-deduped,Pythia-6.9B-deduped,step143000,143000,299892736000,en,average_en_precomputed,10,46415.89,aSTS,0.4178023359015615,0.029881411601456,40,EleutherAI_pythia-6.9b-deduped,6900000000.0,6.9,9.838849090737256
EleutherAI/pythia-6.9b-deduped,Pythia-6.9B-deduped,step143000,143000,299892736000,en,average_en_precomputed,10,46415.89,pSTS,0.4354494824776176,0.0453433279368135,53,EleutherAI_pythia-6.9b-deduped,6900000000.0,6.9,9.838849090737256
EleutherAI/pythia-6.9b-deduped,Pythia-6.9B-deduped,step143000,143000,299892736000,en,average_en_precomputed,11,46415.89,AG_TPJ,0.4507806311802655,0.0491920056719332,56,EleutherAI_pythia-6.9b-deduped,6900000000.0,6.9,9.838849090737256
EleutherAI/pythia-6.9b-deduped,Pythia-6.9B-deduped,step143000,143000,299892736000,en,average_en_precomputed,11,46415.89,BA44,0.4611675233436935,0.0428579160158394,37,EleutherAI_pythia-6.9b-deduped,6900000000.0,6.9,9.838849090737256
EleutherAI/pythia-6.9b-deduped,Pythia-6.9B-deduped,step143000,143000,299892736000,en,average_en_precomputed,11,46415.89,BA45,0.5027052836393817,0.058870926855676,50,EleutherAI_pythia-6.9b-deduped,6900000000.0,6.9,9.838849090737256
EleutherAI/pythia-6.9b-deduped,Pythia-6.9B-deduped,step143000,143000,299892736000,en,average_en_precomputed,11,46415.89,BA47,0.443591969856459,0.0320508119592816,68,EleutherAI_pythia-6.9b-deduped,6900000000.0,6.9,9.838849090737256
EleutherAI/pythia-6.9b-deduped,Pythia-6.9B-deduped,step143000,143000,299892736000,en,average_en_precomputed,11,46415.89,TP,0.4327395598424632,0.0497798935639997,32,EleutherAI_pythia-6.9b-deduped,6900000000.0,6.9,9.838849090737256
EleutherAI/pythia-6.9b-deduped,Pythia-6.9B-deduped,step143000,143000,299892736000,en,average_en_precomputed,11,46415.89,aSTS,0.4179997617597779,0.0303232557415917,40,EleutherAI_pythia-6.9b-deduped,6900000000.0,6.9,9.838849090737256
EleutherAI/pythia-6.9b-deduped,Pythia-6.9B-deduped,step143000,143000,299892736000,en,average_en_precomputed,11,46415.89,pSTS,0.4324670931163359,0.0466511170063125,53,EleutherAI_pythia-6.9b-deduped,6900000000.0,6.9,9.838849090737256
EleutherAI/pythia-6.9b-deduped,Pythia-6.9B-deduped,step143000,143000,299892736000,en,average_en_precomputed,12,46415.89,AG_TPJ,0.4562991514480445,0.0486842504362636,56,EleutherAI_pythia-6.9b-deduped,6900000000.0,6.9,9.838849090737256
EleutherAI/pythia-6.9b-deduped,Pythia-6.9B-deduped,step143000,143000,299892736000,en,average_en_precomputed,12,46415.89,BA44,0.4638354525235563,0.0419616073721927,37,EleutherAI_pythia-6.9b-deduped,6900000000.0,6.9,9.838849090737256
EleutherAI/pythia-6.9b-deduped,Pythia-6.9B-deduped,step143000,143000,299892736000,en,average_en_precomputed,12,46415.89,BA45,0.5034298808818503,0.056441204050426,50,EleutherAI_pythia-6.9b-deduped,6900000000.0,6.9,9.838849090737256
EleutherAI/pythia-6.9b-deduped,Pythia-6.9B-deduped,step143000,143000,299892736000,en,average_en_precomputed,12,46415.89,BA47,0.4437022591244151,0.0311958924603582,68,EleutherAI_pythia-6.9b-deduped,6900000000.0,6.9,9.838849090737256
EleutherAI/pythia-6.9b-deduped,Pythia-6.9B-deduped,step143000,143000,299892736000,en,average_en_precomputed,12,46415.89,TP,0.4344490898064794,0.0494594054406417,32,EleutherAI_pythia-6.9b-deduped,6900000000.0,6.9,9.838849090737256
EleutherAI/pythia-6.9b-deduped,Pythia-6.9B-deduped,step143000,143000,299892736000,en,average_en_precomputed,12,46415.89,aSTS,0.4238031706305848,0.0277429466393471,40,EleutherAI_pythia-6.9b-deduped,6900000000.0,6.9,9.838849090737256
EleutherAI/pythia-6.9b-deduped,Pythia-6.9B-deduped,step143000,143000,299892736000,en,average_en_precomputed,12,46415.89,pSTS,0.4378565078292066,0.046419682506727,53,EleutherAI_pythia-6.9b-deduped,6900000000.0,6.9,9.838849090737256
EleutherAI/pythia-6.9b-deduped,Pythia-6.9B-deduped,step143000,143000,299892736000,en,average_en_precomputed,13,46415.89,AG_TPJ,0.4687339234943634,0.0468066085077757,56,EleutherAI_pythia-6.9b-deduped,6900000000.0,6.9,9.838849090737256
EleutherAI/pythia-6.9b-deduped,Pythia-6.9B-deduped,step143000,143000,299892736000,en,average_en_precomputed,13,46415.89,BA44,0.4740888169127762,0.0425487807755852,37,EleutherAI_pythia-6.9b-deduped,6900000000.0,6.9,9.838849090737256
EleutherAI/pythia-6.9b-deduped,Pythia-6.9B-deduped,step143000,143000,299892736000,en,average_en_precomputed,13,46415.89,BA45,0.5141390986987324,0.0557196690172854,50,EleutherAI_pythia-6.9b-deduped,6900000000.0,6.9,9.838849090737256
EleutherAI/pythia-6.9b-deduped,Pythia-6.9B-deduped,step143000,143000,299892736000,en,average_en_precomputed,13,46415.89,BA47,0.4523829973698097,0.0307465941792324,68,EleutherAI_pythia-6.9b-deduped,6900000000.0,6.9,9.838849090737256
EleutherAI/pythia-6.9b-deduped,Pythia-6.9B-deduped,step143000,143000,299892736000,en,average_en_precomputed,13,46415.89,TP,0.4454918480322961,0.0505705149266466,32,EleutherAI_pythia-6.9b-deduped,6900000000.0,6.9,9.838849090737256
EleutherAI/pythia-6.9b-deduped,Pythia-6.9B-deduped,step143000,143000,299892736000,en,average_en_precomputed,13,46415.89,aSTS,0.4375151436725291,0.0293244038760069,40,EleutherAI_pythia-6.9b-deduped,6900000000.0,6.9,9.838849090737256
EleutherAI/pythia-6.9b-deduped,Pythia-6.9B-deduped,step143000,143000,299892736000,en,average_en_precomputed,13,46415.89,pSTS,0.4482671300636834,0.0479801917901414,53,EleutherAI_pythia-6.9b-deduped,6900000000.0,6.9,9.838849090737256
EleutherAI/pythia-6.9b-deduped,Pythia-6.9B-deduped,step143000,143000,299892736000,en,average_en_precomputed,14,46415.89,AG_TPJ,0.4661566402719102,0.0463337184989916,56,EleutherAI_pythia-6.9b-deduped,6900000000.0,6.9,9.838849090737256
EleutherAI/pythia-6.9b-deduped,Pythia-6.9B-deduped,step143000,143000,299892736000,en,average_en_precomputed,14,46415.89,BA44,0.4719104640247322,0.0431483128420028,37,EleutherAI_pythia-6.9b-deduped,6900000000.0,6.9,9.838849090737256
EleutherAI/pythia-6.9b-deduped,Pythia-6.9B-deduped,step143000,143000,299892736000,en,average_en_precomputed,14,46415.89,BA45,0.5142766333706112,0.0561120435020974,50,EleutherAI_pythia-6.9b-deduped,6900000000.0,6.9,9.838849090737256
EleutherAI/pythia-6.9b-deduped,Pythia-6.9B-deduped,step143000,143000,299892736000,en,average_en_precomputed,14,46415.89,BA47,0.4511903571234777,0.0299657301782407,68,EleutherAI_pythia-6.9b-deduped,6900000000.0,6.9,9.838849090737256
EleutherAI/pythia-6.9b-deduped,Pythia-6.9B-deduped,step143000,143000,299892736000,en,average_en_precomputed,14,46415.89,TP,0.4443498668029677,0.0491506533935426,32,EleutherAI_pythia-6.9b-deduped,6900000000.0,6.9,9.838849090737256
EleutherAI/pythia-6.9b-deduped,Pythia-6.9B-deduped,step143000,143000,299892736000,en,average_en_precomputed,14,46415.89,aSTS,0.4329483779514254,0.0301769068287832,40,EleutherAI_pythia-6.9b-deduped,6900000000.0,6.9,9.838849090737256
EleutherAI/pythia-6.9b-deduped,Pythia-6.9B-deduped,step143000,143000,299892736000,en,average_en_precomputed,14,46415.89,pSTS,0.4453611164456531,0.0473242721808858,53,EleutherAI_pythia-6.9b-deduped,6900000000.0,6.9,9.838849090737256
EleutherAI/pythia-6.9b-deduped,Pythia-6.9B-deduped,step143000,143000,299892736000,en,average_en_precomputed,15,46415.89,AG_TPJ,0.4660622207032311,0.0452835164176455,56,EleutherAI_pythia-6.9b-deduped,6900000000.0,6.9,9.838849090737256
EleutherAI/pythia-6.9b-deduped,Pythia-6.9B-deduped,step143000,143000,299892736000,en,average_en_precomputed,15,46415.89,BA44,0.4721112102446507,0.0420827505082987,37,EleutherAI_pythia-6.9b-deduped,6900000000.0,6.9,9.838849090737256
EleutherAI/pythia-6.9b-deduped,Pythia-6.9B-deduped,step143000,143000,299892736000,en,average_en_precomputed,15,46415.89,BA45,0.5176729637361058,0.0538564244236942,50,EleutherAI_pythia-6.9b-deduped,6900000000.0,6.9,9.838849090737256
EleutherAI/pythia-6.9b-deduped,Pythia-6.9B-deduped,step143000,143000,299892736000,en,average_en_precomputed,15,46415.89,BA47,0.4522214800547409,0.0306061327751687,68,EleutherAI_pythia-6.9b-deduped,6900000000.0,6.9,9.838849090737256
EleutherAI/pythia-6.9b-deduped,Pythia-6.9B-deduped,step143000,143000,299892736000,en,average_en_precomputed,15,46415.89,TP,0.4431687439805843,0.0502577703419775,32,EleutherAI_pythia-6.9b-deduped,6900000000.0,6.9,9.838849090737256
EleutherAI/pythia-6.9b-deduped,Pythia-6.9B-deduped,step143000,143000,299892736000,en,average_en_precomputed,15,46415.89,aSTS,0.4358879923793853,0.028610485611579,40,EleutherAI_pythia-6.9b-deduped,6900000000.0,6.9,9.838849090737256
EleutherAI/pythia-6.9b-deduped,Pythia-6.9B-deduped,step143000,143000,299892736000,en,average_en_precomputed,15,46415.89,pSTS,0.4425503001988997,0.047069233052615,53,EleutherAI_pythia-6.9b-deduped,6900000000.0,6.9,9.838849090737256
EleutherAI/pythia-6.9b-deduped,Pythia-6.9B-deduped,step143000,143000,299892736000,en,average_en_precomputed,16,46415.89,AG_TPJ,0.4699332333610006,0.0444222900252619,56,EleutherAI_pythia-6.9b-deduped,6900000000.0,6.9,9.838849090737256
EleutherAI/pythia-6.9b-deduped,Pythia-6.9B-deduped,step143000,143000,299892736000,en,average_en_precomputed,16,46415.89,BA44,0.470113782780188,0.0414353026157726,37,EleutherAI_pythia-6.9b-deduped,6900000000.0,6.9,9.838849090737256
EleutherAI/pythia-6.9b-deduped,Pythia-6.9B-deduped,step143000,143000,299892736000,en,average_en_precomputed,16,46415.89,BA45,0.5163854950302595,0.0515825815068016,50,EleutherAI_pythia-6.9b-deduped,6900000000.0,6.9,9.838849090737256
EleutherAI/pythia-6.9b-deduped,Pythia-6.9B-deduped,step143000,143000,299892736000,en,average_en_precomputed,16,46415.89,BA47,0.4520703598402338,0.0314008369414285,68,EleutherAI_pythia-6.9b-deduped,6900000000.0,6.9,9.838849090737256
EleutherAI/pythia-6.9b-deduped,Pythia-6.9B-deduped,step143000,143000,299892736000,en,average_en_precomputed,16,46415.89,TP,0.4431484006955384,0.0500084958793044,32,EleutherAI_pythia-6.9b-deduped,6900000000.0,6.9,9.838849090737256
EleutherAI/pythia-6.9b-deduped,Pythia-6.9B-deduped,step143000,143000,299892736000,en,average_en_precomputed,16,46415.89,aSTS,0.436510639631469,0.0308849783233865,40,EleutherAI_pythia-6.9b-deduped,6900000000.0,6.9,9.838849090737256
EleutherAI/pythia-6.9b-deduped,Pythia-6.9B-deduped,step143000,143000,299892736000,en,average_en_precomputed,16,46415.89,pSTS,0.4438590735933507,0.0469835626602968,53,EleutherAI_pythia-6.9b-deduped,6900000000.0,6.9,9.838849090737256
EleutherAI/pythia-6.9b-deduped,Pythia-6.9B-deduped,step143000,143000,299892736000,en,average_en_precomputed,17,46415.89,AG_TPJ,0.4687610612552911,0.0435249637718189,56,EleutherAI_pythia-6.9b-deduped,6900000000.0,6.9,9.838849090737256
EleutherAI/pythia-6.9b-deduped,Pythia-6.9B-deduped,step143000,143000,299892736000,en,average_en_precomputed,17,46415.89,BA44,0.4701404361465995,0.0419333037144855,37,EleutherAI_pythia-6.9b-deduped,6900000000.0,6.9,9.838849090737256
EleutherAI/pythia-6.9b-deduped,Pythia-6.9B-deduped,step143000,143000,299892736000,en,average_en_precomputed,17,46415.89,BA45,0.5160220176774047,0.0523724989928733,50,EleutherAI_pythia-6.9b-deduped,6900000000.0,6.9,9.838849090737256
EleutherAI/pythia-6.9b-deduped,Pythia-6.9B-deduped,step143000,143000,299892736000,en,average_en_precomputed,17,46415.89,BA47,0.451771487229343,0.0307582773220341,68,EleutherAI_pythia-6.9b-deduped,6900000000.0,6.9,9.838849090737256
EleutherAI/pythia-6.9b-deduped,Pythia-6.9B-deduped,step143000,143000,299892736000,en,average_en_precomputed,17,46415.89,TP,0.4405316760780429,0.0510394244703092,32,EleutherAI_pythia-6.9b-deduped,6900000000.0,6.9,9.838849090737256
EleutherAI/pythia-6.9b-deduped,Pythia-6.9B-deduped,step143000,143000,299892736000,en,average_en_precomputed,17,46415.89,aSTS,0.4336662346148406,0.0294846892282726,40,EleutherAI_pythia-6.9b-deduped,6900000000.0,6.9,9.838849090737256
EleutherAI/pythia-6.9b-deduped,Pythia-6.9B-deduped,step143000,143000,299892736000,en,average_en_precomputed,17,46415.89,pSTS,0.4418521832982427,0.0481336853086025,53,EleutherAI_pythia-6.9b-deduped,6900000000.0,6.9,9.838849090737256
EleutherAI/pythia-6.9b-deduped,Pythia-6.9B-deduped,step143000,143000,299892736000,en,average_en_precomputed,18,46415.89,AG_TPJ,0.458814390033121,0.0446237249095032,56,EleutherAI_pythia-6.9b-deduped,6900000000.0,6.9,9.838849090737256
EleutherAI/pythia-6.9b-deduped,Pythia-6.9B-deduped,step143000,143000,299892736000,en,average_en_precomputed,18,46415.89,BA44,0.4642067625552694,0.0410233868282604,37,EleutherAI_pythia-6.9b-deduped,6900000000.0,6.9,9.838849090737256
EleutherAI/pythia-6.9b-deduped,Pythia-6.9B-deduped,step143000,143000,299892736000,en,average_en_precomputed,18,46415.89,BA45,0.5108488457071723,0.051764762860788,50,EleutherAI_pythia-6.9b-deduped,6900000000.0,6.9,9.838849090737256
EleutherAI/pythia-6.9b-deduped,Pythia-6.9B-deduped,step143000,143000,299892736000,en,average_en_precomputed,18,46415.89,BA47,0.4457395515800903,0.0315604887566145,68,EleutherAI_pythia-6.9b-deduped,6900000000.0,6.9,9.838849090737256
EleutherAI/pythia-6.9b-deduped,Pythia-6.9B-deduped,step143000,143000,299892736000,en,average_en_precomputed,18,46415.89,TP,0.4383775569113131,0.050020588576164,32,EleutherAI_pythia-6.9b-deduped,6900000000.0,6.9,9.838849090737256
EleutherAI/pythia-6.9b-deduped,Pythia-6.9B-deduped,step143000,143000,299892736000,en,average_en_precomputed,18,46415.89,aSTS,0.4299781089526101,0.0301430452186541,40,EleutherAI_pythia-6.9b-deduped,6900000000.0,6.9,9.838849090737256
EleutherAI/pythia-6.9b-deduped,Pythia-6.9B-deduped,step143000,143000,299892736000,en,average_en_precomputed,18,46415.89,pSTS,0.4370456905243132,0.0461800462956619,53,EleutherAI_pythia-6.9b-deduped,6900000000.0,6.9,9.838849090737256
EleutherAI/pythia-6.9b-deduped,Pythia-6.9B-deduped,step143000,143000,299892736000,en,average_en_precomputed,19,43652.38555555555,AG_TPJ,0.4574789999832219,0.0452532701811569,56,EleutherAI_pythia-6.9b-deduped,6900000000.0,6.9,9.838849090737256
EleutherAI/pythia-6.9b-deduped,Pythia-6.9B-deduped,step143000,143000,299892736000,en,average_en_precomputed,19,43652.38555555555,BA44,0.462595463634845,0.0417811180191208,37,EleutherAI_pythia-6.9b-deduped,6900000000.0,6.9,9.838849090737256
EleutherAI/pythia-6.9b-deduped,Pythia-6.9B-deduped,step143000,143000,299892736000,en,average_en_precomputed,19,43652.38555555555,BA45,0.5113271186489826,0.0506153745959008,50,EleutherAI_pythia-6.9b-deduped,6900000000.0,6.9,9.838849090737256
EleutherAI/pythia-6.9b-deduped,Pythia-6.9B-deduped,step143000,143000,299892736000,en,average_en_precomputed,19,43652.38555555555,BA47,0.4450032284500709,0.0319381722678193,68,EleutherAI_pythia-6.9b-deduped,6900000000.0,6.9,9.838849090737256
EleutherAI/pythia-6.9b-deduped,Pythia-6.9B-deduped,step143000,143000,299892736000,en,average_en_precomputed,19,43652.38555555555,TP,0.4360161635585526,0.0504059342680837,32,EleutherAI_pythia-6.9b-deduped,6900000000.0,6.9,9.838849090737256
EleutherAI/pythia-6.9b-deduped,Pythia-6.9B-deduped,step143000,143000,299892736000,en,average_en_precomputed,19,43652.38555555555,aSTS,0.4303486267311123,0.0287132642616959,40,EleutherAI_pythia-6.9b-deduped,6900000000.0,6.9,9.838849090737256
EleutherAI/pythia-6.9b-deduped,Pythia-6.9B-deduped,step143000,143000,299892736000,en,average_en_precomputed,19,43652.38555555555,pSTS,0.434964273386451,0.0475176369572657,53,EleutherAI_pythia-6.9b-deduped,6900000000.0,6.9,9.838849090737256
EleutherAI/pythia-6.9b-deduped,Pythia-6.9B-deduped,step143000,143000,299892736000,en,average_en_precomputed,20,46415.89,AG_TPJ,0.4421021913055164,0.0456806234915328,56,EleutherAI_pythia-6.9b-deduped,6900000000.0,6.9,9.838849090737256
EleutherAI/pythia-6.9b-deduped,Pythia-6.9B-deduped,step143000,143000,299892736000,en,average_en_precomputed,20,46415.89,BA44,0.4589919679325047,0.040471898786216,37,EleutherAI_pythia-6.9b-deduped,6900000000.0,6.9,9.838849090737256
EleutherAI/pythia-6.9b-deduped,Pythia-6.9B-deduped,step143000,143000,299892736000,en,average_en_precomputed,20,46415.89,BA45,0.5067640412558138,0.0518811619910846,50,EleutherAI_pythia-6.9b-deduped,6900000000.0,6.9,9.838849090737256
EleutherAI/pythia-6.9b-deduped,Pythia-6.9B-deduped,step143000,143000,299892736000,en,average_en_precomputed,20,46415.89,BA47,0.440495435159563,0.0326668624335736,68,EleutherAI_pythia-6.9b-deduped,6900000000.0,6.9,9.838849090737256
EleutherAI/pythia-6.9b-deduped,Pythia-6.9B-deduped,step143000,143000,299892736000,en,average_en_precomputed,20,46415.89,TP,0.4301256092806494,0.0502172159065822,32,EleutherAI_pythia-6.9b-deduped,6900000000.0,6.9,9.838849090737256
EleutherAI/pythia-6.9b-deduped,Pythia-6.9B-deduped,step143000,143000,299892736000,en,average_en_precomputed,20,46415.89,aSTS,0.4196019528314663,0.0270647711993912,40,EleutherAI_pythia-6.9b-deduped,6900000000.0,6.9,9.838849090737256
EleutherAI/pythia-6.9b-deduped,Pythia-6.9B-deduped,step143000,143000,299892736000,en,average_en_precomputed,20,46415.89,pSTS,0.4254359443106873,0.0462381508807867,53,EleutherAI_pythia-6.9b-deduped,6900000000.0,6.9,9.838849090737256
EleutherAI/pythia-6.9b-deduped,Pythia-6.9B-deduped,step143000,143000,299892736000,en,average_en_precomputed,21,40888.88111111111,AG_TPJ,0.4363826928687139,0.0460226363458467,56,EleutherAI_pythia-6.9b-deduped,6900000000.0,6.9,9.838849090737256
EleutherAI/pythia-6.9b-deduped,Pythia-6.9B-deduped,step143000,143000,299892736000,en,average_en_precomputed,21,40888.88111111111,BA44,0.4534489201046066,0.0411581272970601,37,EleutherAI_pythia-6.9b-deduped,6900000000.0,6.9,9.838849090737256
EleutherAI/pythia-6.9b-deduped,Pythia-6.9B-deduped,step143000,143000,299892736000,en,average_en_precomputed,21,40888.88111111111,BA45,0.5046844881638384,0.0523938617423177,50,EleutherAI_pythia-6.9b-deduped,6900000000.0,6.9,9.838849090737256
EleutherAI/pythia-6.9b-deduped,Pythia-6.9B-deduped,step143000,143000,299892736000,en,average_en_precomputed,21,40888.88111111111,BA47,0.435337097943618,0.0341439623883038,68,EleutherAI_pythia-6.9b-deduped,6900000000.0,6.9,9.838849090737256
EleutherAI/pythia-6.9b-deduped,Pythia-6.9B-deduped,step143000,143000,299892736000,en,average_en_precomputed,21,40888.88111111111,TP,0.4269424478605818,0.0509023491690941,32,EleutherAI_pythia-6.9b-deduped,6900000000.0,6.9,9.838849090737256
EleutherAI/pythia-6.9b-deduped,Pythia-6.9B-deduped,step143000,143000,299892736000,en,average_en_precomputed,21,40888.88111111111,aSTS,0.4162048114257698,0.0265771656564438,40,EleutherAI_pythia-6.9b-deduped,6900000000.0,6.9,9.838849090737256
EleutherAI/pythia-6.9b-deduped,Pythia-6.9B-deduped,step143000,143000,299892736000,en,average_en_precomputed,21,40888.88111111111,pSTS,0.4203554313423616,0.0455943011906918,53,EleutherAI_pythia-6.9b-deduped,6900000000.0,6.9,9.838849090737256
EleutherAI/pythia-6.9b-deduped,Pythia-6.9B-deduped,step143000,143000,299892736000,en,average_en_precomputed,22,40888.88111111111,AG_TPJ,0.4294088859528225,0.0462116409671305,56,EleutherAI_pythia-6.9b-deduped,6900000000.0,6.9,9.838849090737256
EleutherAI/pythia-6.9b-deduped,Pythia-6.9B-deduped,step143000,143000,299892736000,en,average_en_precomputed,22,40888.88111111111,BA44,0.4507989970772787,0.0409867304594869,37,EleutherAI_pythia-6.9b-deduped,6900000000.0,6.9,9.838849090737256
EleutherAI/pythia-6.9b-deduped,Pythia-6.9B-deduped,step143000,143000,299892736000,en,average_en_precomputed,22,40888.88111111111,BA45,0.5016112889979013,0.0523629963074829,50,EleutherAI_pythia-6.9b-deduped,6900000000.0,6.9,9.838849090737256
EleutherAI/pythia-6.9b-deduped,Pythia-6.9B-deduped,step143000,143000,299892736000,en,average_en_precomputed,22,40888.88111111111,BA47,0.4313622896753445,0.0342270405958297,68,EleutherAI_pythia-6.9b-deduped,6900000000.0,6.9,9.838849090737256
EleutherAI/pythia-6.9b-deduped,Pythia-6.9B-deduped,step143000,143000,299892736000,en,average_en_precomputed,22,40888.88111111111,TP,0.4250641815042764,0.0505492876158535,32,EleutherAI_pythia-6.9b-deduped,6900000000.0,6.9,9.838849090737256
EleutherAI/pythia-6.9b-deduped,Pythia-6.9B-deduped,step143000,143000,299892736000,en,average_en_precomputed,22,40888.88111111111,aSTS,0.4112840723573693,0.028025560434317,40,EleutherAI_pythia-6.9b-deduped,6900000000.0,6.9,9.838849090737256
EleutherAI/pythia-6.9b-deduped,Pythia-6.9B-deduped,step143000,143000,299892736000,en,average_en_precomputed,22,40888.88111111111,pSTS,0.4157634256328928,0.0446115170344252,53,EleutherAI_pythia-6.9b-deduped,6900000000.0,6.9,9.838849090737256
EleutherAI/pythia-6.9b-deduped,Pythia-6.9B-deduped,step143000,143000,299892736000,en,average_en_precomputed,23,38125.37666666667,AG_TPJ,0.4239095588756742,0.046931148864569,56,EleutherAI_pythia-6.9b-deduped,6900000000.0,6.9,9.838849090737256
EleutherAI/pythia-6.9b-deduped,Pythia-6.9B-deduped,step143000,143000,299892736000,en,average_en_precomputed,23,38125.37666666667,BA44,0.4464700513579297,0.0420679250565587,37,EleutherAI_pythia-6.9b-deduped,6900000000.0,6.9,9.838849090737256
EleutherAI/pythia-6.9b-deduped,Pythia-6.9B-deduped,step143000,143000,299892736000,en,average_en_precomputed,23,38125.37666666667,BA45,0.4959207888903199,0.0535129262358115,50,EleutherAI_pythia-6.9b-deduped,6900000000.0,6.9,9.838849090737256
EleutherAI/pythia-6.9b-deduped,Pythia-6.9B-deduped,step143000,143000,299892736000,en,average_en_precomputed,23,38125.37666666667,BA47,0.4258323298593501,0.0347317894986012,68,EleutherAI_pythia-6.9b-deduped,6900000000.0,6.9,9.838849090737256
EleutherAI/pythia-6.9b-deduped,Pythia-6.9B-deduped,step143000,143000,299892736000,en,average_en_precomputed,23,38125.37666666667,TP,0.4252450947500341,0.051133054489295,32,EleutherAI_pythia-6.9b-deduped,6900000000.0,6.9,9.838849090737256
EleutherAI/pythia-6.9b-deduped,Pythia-6.9B-deduped,step143000,143000,299892736000,en,average_en_precomputed,23,38125.37666666667,aSTS,0.4083111734598497,0.0296573000978954,40,EleutherAI_pythia-6.9b-deduped,6900000000.0,6.9,9.838849090737256
EleutherAI/pythia-6.9b-deduped,Pythia-6.9B-deduped,step143000,143000,299892736000,en,average_en_precomputed,23,38125.37666666667,pSTS,0.4115645371297112,0.0469553065132751,53,EleutherAI_pythia-6.9b-deduped,6900000000.0,6.9,9.838849090737256
EleutherAI/pythia-6.9b-deduped,Pythia-6.9B-deduped,step143000,143000,299892736000,en,average_en_precomputed,24,40888.88111111111,AG_TPJ,0.4199910548966957,0.0475532667780828,56,EleutherAI_pythia-6.9b-deduped,6900000000.0,6.9,9.838849090737256
EleutherAI/pythia-6.9b-deduped,Pythia-6.9B-deduped,step143000,143000,299892736000,en,average_en_precomputed,24,40888.88111111111,BA44,0.4425338259543718,0.0415462942289134,37,EleutherAI_pythia-6.9b-deduped,6900000000.0,6.9,9.838849090737256
EleutherAI/pythia-6.9b-deduped,Pythia-6.9B-deduped,step143000,143000,299892736000,en,average_en_precomputed,24,40888.88111111111,BA45,0.491766889944527,0.0536232500135197,50,EleutherAI_pythia-6.9b-deduped,6900000000.0,6.9,9.838849090737256
EleutherAI/pythia-6.9b-deduped,Pythia-6.9B-deduped,step143000,143000,299892736000,en,average_en_precomputed,24,40888.88111111111,BA47,0.4206570040697923,0.0350801029934306,68,EleutherAI_pythia-6.9b-deduped,6900000000.0,6.9,9.838849090737256
EleutherAI/pythia-6.9b-deduped,Pythia-6.9B-deduped,step143000,143000,299892736000,en,average_en_precomputed,24,40888.88111111111,TP,0.4225940654739639,0.0514291065762367,32,EleutherAI_pythia-6.9b-deduped,6900000000.0,6.9,9.838849090737256
EleutherAI/pythia-6.9b-deduped,Pythia-6.9B-deduped,step143000,143000,299892736000,en,average_en_precomputed,24,40888.88111111111,aSTS,0.4048015300725542,0.0309421611668104,40,EleutherAI_pythia-6.9b-deduped,6900000000.0,6.9,9.838849090737256
EleutherAI/pythia-6.9b-deduped,Pythia-6.9B-deduped,step143000,143000,299892736000,en,average_en_precomputed,24,40888.88111111111,pSTS,0.4071488616205403,0.0464480178938027,53,EleutherAI_pythia-6.9b-deduped,6900000000.0,6.9,9.838849090737256
EleutherAI/pythia-6.9b-deduped,Pythia-6.9B-deduped,step143000,143000,299892736000,en,average_en_precomputed,25,32598.367777777778,AG_TPJ,0.414773034448572,0.048028731693362,56,EleutherAI_pythia-6.9b-deduped,6900000000.0,6.9,9.838849090737256
EleutherAI/pythia-6.9b-deduped,Pythia-6.9B-deduped,step143000,143000,299892736000,en,average_en_precomputed,25,32598.367777777778,BA44,0.442478667820348,0.0419917790409815,37,EleutherAI_pythia-6.9b-deduped,6900000000.0,6.9,9.838849090737256
EleutherAI/pythia-6.9b-deduped,Pythia-6.9B-deduped,step143000,143000,299892736000,en,average_en_precomputed,25,32598.367777777778,BA45,0.4933786074411451,0.0538172708859357,50,EleutherAI_pythia-6.9b-deduped,6900000000.0,6.9,9.838849090737256
EleutherAI/pythia-6.9b-deduped,Pythia-6.9B-deduped,step143000,143000,299892736000,en,average_en_precomputed,25,32598.367777777778,BA47,0.4182624806550468,0.0365869907434302,68,EleutherAI_pythia-6.9b-deduped,6900000000.0,6.9,9.838849090737256
EleutherAI/pythia-6.9b-deduped,Pythia-6.9B-deduped,step143000,143000,299892736000,en,average_en_precomputed,25,32598.367777777778,TP,0.420388579483016,0.0515637928171849,32,EleutherAI_pythia-6.9b-deduped,6900000000.0,6.9,9.838849090737256
EleutherAI/pythia-6.9b-deduped,Pythia-6.9B-deduped,step143000,143000,299892736000,en,average_en_precomputed,25,32598.367777777778,aSTS,0.4045359716836302,0.0332721057815822,40,EleutherAI_pythia-6.9b-deduped,6900000000.0,6.9,9.838849090737256
EleutherAI/pythia-6.9b-deduped,Pythia-6.9B-deduped,step143000,143000,299892736000,en,average_en_precomputed,25,32598.367777777778,pSTS,0.4052648689531735,0.0466290708392397,53,EleutherAI_pythia-6.9b-deduped,6900000000.0,6.9,9.838849090737256
EleutherAI/pythia-6.9b-deduped,Pythia-6.9B-deduped,step143000,143000,299892736000,en,average_en_precomputed,26,27071.358888888888,AG_TPJ,0.4124005767726962,0.0483513769685398,56,EleutherAI_pythia-6.9b-deduped,6900000000.0,6.9,9.838849090737256
EleutherAI/pythia-6.9b-deduped,Pythia-6.9B-deduped,step143000,143000,299892736000,en,average_en_precomputed,26,27071.358888888888,BA44,0.4412557176359601,0.0431244190719907,37,EleutherAI_pythia-6.9b-deduped,6900000000.0,6.9,9.838849090737256
EleutherAI/pythia-6.9b-deduped,Pythia-6.9B-deduped,step143000,143000,299892736000,en,average_en_precomputed,26,27071.358888888888,BA45,0.4928696817672631,0.0536604993450709,50,EleutherAI_pythia-6.9b-deduped,6900000000.0,6.9,9.838849090737256
EleutherAI/pythia-6.9b-deduped,Pythia-6.9B-deduped,step143000,143000,299892736000,en,average_en_precomputed,26,27071.358888888888,BA47,0.41397103179642,0.0371455647793749,68,EleutherAI_pythia-6.9b-deduped,6900000000.0,6.9,9.838849090737256
EleutherAI/pythia-6.9b-deduped,Pythia-6.9B-deduped,step143000,143000,299892736000,en,average_en_precomputed,26,27071.358888888888,TP,0.4169611164051872,0.0533541797461159,32,EleutherAI_pythia-6.9b-deduped,6900000000.0,6.9,9.838849090737256
EleutherAI/pythia-6.9b-deduped,Pythia-6.9B-deduped,step143000,143000,299892736000,en,average_en_precomputed,26,27071.358888888888,aSTS,0.4035778404300962,0.0330811454737268,40,EleutherAI_pythia-6.9b-deduped,6900000000.0,6.9,9.838849090737256
EleutherAI/pythia-6.9b-deduped,Pythia-6.9B-deduped,step143000,143000,299892736000,en,average_en_precomputed,26,27071.358888888888,pSTS,0.4050766740536222,0.0479289990131016,53,EleutherAI_pythia-6.9b-deduped,6900000000.0,6.9,9.838849090737256
EleutherAI/pythia-6.9b-deduped,Pythia-6.9B-deduped,step143000,143000,299892736000,en,average_en_precomputed,27,38125.37666666667,AG_TPJ,0.4008801687515366,0.0484365843868189,56,EleutherAI_pythia-6.9b-deduped,6900000000.0,6.9,9.838849090737256
EleutherAI/pythia-6.9b-deduped,Pythia-6.9B-deduped,step143000,143000,299892736000,en,average_en_precomputed,27,38125.37666666667,BA44,0.4341815557296423,0.0419338102295625,37,EleutherAI_pythia-6.9b-deduped,6900000000.0,6.9,9.838849090737256
EleutherAI/pythia-6.9b-deduped,Pythia-6.9B-deduped,step143000,143000,299892736000,en,average_en_precomputed,27,38125.37666666667,BA45,0.4827735748975402,0.0545432032111086,50,EleutherAI_pythia-6.9b-deduped,6900000000.0,6.9,9.838849090737256
EleutherAI/pythia-6.9b-deduped,Pythia-6.9B-deduped,step143000,143000,299892736000,en,average_en_precomputed,27,38125.37666666667,BA47,0.4072568801203856,0.036905482690637,68,EleutherAI_pythia-6.9b-deduped,6900000000.0,6.9,9.838849090737256
EleutherAI/pythia-6.9b-deduped,Pythia-6.9B-deduped,step143000,143000,299892736000,en,average_en_precomputed,27,38125.37666666667,TP,0.412615677318453,0.0514791476741415,32,EleutherAI_pythia-6.9b-deduped,6900000000.0,6.9,9.838849090737256
EleutherAI/pythia-6.9b-deduped,Pythia-6.9B-deduped,step143000,143000,299892736000,en,average_en_precomputed,27,38125.37666666667,aSTS,0.3921538050059613,0.0325705442382846,40,EleutherAI_pythia-6.9b-deduped,6900000000.0,6.9,9.838849090737256
EleutherAI/pythia-6.9b-deduped,Pythia-6.9B-deduped,step143000,143000,299892736000,en,average_en_precomputed,27,38125.37666666667,pSTS,0.3919624641205537,0.0471793446350605,53,EleutherAI_pythia-6.9b-deduped,6900000000.0,6.9,9.838849090737256
EleutherAI/pythia-6.9b-deduped,Pythia-6.9B-deduped,step143000,143000,299892736000,en,average_en_precomputed,28,32598.367777777778,AG_TPJ,0.4017522342137757,0.0480555473197413,56,EleutherAI_pythia-6.9b-deduped,6900000000.0,6.9,9.838849090737256
EleutherAI/pythia-6.9b-deduped,Pythia-6.9B-deduped,step143000,143000,299892736000,en,average_en_precomputed,28,32598.367777777778,BA44,0.4348004565686365,0.0418417088034051,37,EleutherAI_pythia-6.9b-deduped,6900000000.0,6.9,9.838849090737256
EleutherAI/pythia-6.9b-deduped,Pythia-6.9B-deduped,step143000,143000,299892736000,en,average_en_precomputed,28,32598.367777777778,BA45,0.4849890968051824,0.0540953261619344,50,EleutherAI_pythia-6.9b-deduped,6900000000.0,6.9,9.838849090737256
EleutherAI/pythia-6.9b-deduped,Pythia-6.9B-deduped,step143000,143000,299892736000,en,average_en_precomputed,28,32598.367777777778,BA47,0.4061904458350034,0.0372572829783558,68,EleutherAI_pythia-6.9b-deduped,6900000000.0,6.9,9.838849090737256
EleutherAI/pythia-6.9b-deduped,Pythia-6.9B-deduped,step143000,143000,299892736000,en,average_en_precomputed,28,32598.367777777778,TP,0.4127702959287933,0.0513537474199743,32,EleutherAI_pythia-6.9b-deduped,6900000000.0,6.9,9.838849090737256
EleutherAI/pythia-6.9b-deduped,Pythia-6.9B-deduped,step143000,143000,299892736000,en,average_en_precomputed,28,32598.367777777778,aSTS,0.3966289809739263,0.0321107102133855,40,EleutherAI_pythia-6.9b-deduped,6900000000.0,6.9,9.838849090737256
EleutherAI/pythia-6.9b-deduped,Pythia-6.9B-deduped,step143000,143000,299892736000,en,average_en_precomputed,28,32598.367777777778,pSTS,0.3951971703346434,0.0474220425718565,53,EleutherAI_pythia-6.9b-deduped,6900000000.0,6.9,9.838849090737256
EleutherAI/pythia-6.9b-deduped,Pythia-6.9B-deduped,step143000,143000,299892736000,en,average_en_precomputed,29,38125.37666666667,AG_TPJ,0.396654662473683,0.0471413437578007,56,EleutherAI_pythia-6.9b-deduped,6900000000.0,6.9,9.838849090737256
EleutherAI/pythia-6.9b-deduped,Pythia-6.9B-deduped,step143000,143000,299892736000,en,average_en_precomputed,29,38125.37666666667,BA44,0.4325360877127864,0.0408318640095133,37,EleutherAI_pythia-6.9b-deduped,6900000000.0,6.9,9.838849090737256
EleutherAI/pythia-6.9b-deduped,Pythia-6.9B-deduped,step143000,143000,299892736000,en,average_en_precomputed,29,38125.37666666667,BA45,0.4811911642846624,0.0552579594894997,50,EleutherAI_pythia-6.9b-deduped,6900000000.0,6.9,9.838849090737256
EleutherAI/pythia-6.9b-deduped,Pythia-6.9B-deduped,step143000,143000,299892736000,en,average_en_precomputed,29,38125.37666666667,BA47,0.4019294925973916,0.0370367816989917,68,EleutherAI_pythia-6.9b-deduped,6900000000.0,6.9,9.838849090737256
EleutherAI/pythia-6.9b-deduped,Pythia-6.9B-deduped,step143000,143000,299892736000,en,average_en_precomputed,29,38125.37666666667,TP,0.4088118195388797,0.051236670441243,32,EleutherAI_pythia-6.9b-deduped,6900000000.0,6.9,9.838849090737256
EleutherAI/pythia-6.9b-deduped,Pythia-6.9B-deduped,step143000,143000,299892736000,en,average_en_precomputed,29,38125.37666666667,aSTS,0.391277192666568,0.031560822371981,40,EleutherAI_pythia-6.9b-deduped,6900000000.0,6.9,9.838849090737256
EleutherAI/pythia-6.9b-deduped,Pythia-6.9B-deduped,step143000,143000,299892736000,en,average_en_precomputed,29,38125.37666666667,pSTS,0.3901633544787073,0.0455666478064149,53,EleutherAI_pythia-6.9b-deduped,6900000000.0,6.9,9.838849090737256
EleutherAI/pythia-6.9b-deduped,Pythia-6.9B-deduped,step143000,143000,299892736000,en,average_en_precomputed,30,29834.863333333327,AG_TPJ,0.395573864242392,0.0465782738130831,56,EleutherAI_pythia-6.9b-deduped,6900000000.0,6.9,9.838849090737256
EleutherAI/pythia-6.9b-deduped,Pythia-6.9B-deduped,step143000,143000,299892736000,en,average_en_precomputed,30,29834.863333333327,BA44,0.434448145393315,0.0419778840275335,37,EleutherAI_pythia-6.9b-deduped,6900000000.0,6.9,9.838849090737256
EleutherAI/pythia-6.9b-deduped,Pythia-6.9B-deduped,step143000,143000,299892736000,en,average_en_precomputed,30,29834.863333333327,BA45,0.4849594220426988,0.0548281211800572,50,EleutherAI_pythia-6.9b-deduped,6900000000.0,6.9,9.838849090737256
EleutherAI/pythia-6.9b-deduped,Pythia-6.9B-deduped,step143000,143000,299892736000,en,average_en_precomputed,30,29834.863333333327,BA47,0.4023035068209768,0.0378614173575041,68,EleutherAI_pythia-6.9b-deduped,6900000000.0,6.9,9.838849090737256
EleutherAI/pythia-6.9b-deduped,Pythia-6.9B-deduped,step143000,143000,299892736000,en,average_en_precomputed,30,29834.863333333327,TP,0.4080697254595838,0.0521825481987365,32,EleutherAI_pythia-6.9b-deduped,6900000000.0,6.9,9.838849090737256
EleutherAI/pythia-6.9b-deduped,Pythia-6.9B-deduped,step143000,143000,299892736000,en,average_en_precomputed,30,29834.863333333327,aSTS,0.3948375674790745,0.02960991331443,40,EleutherAI_pythia-6.9b-deduped,6900000000.0,6.9,9.838849090737256
EleutherAI/pythia-6.9b-deduped,Pythia-6.9B-deduped,step143000,143000,299892736000,en,average_en_precomputed,30,29834.863333333327,pSTS,0.3948967960305295,0.0455777055882466,53,EleutherAI_pythia-6.9b-deduped,6900000000.0,6.9,9.838849090737256
EleutherAI/pythia-6.9b-deduped,Pythia-6.9B-deduped,step143000,143000,299892736000,en,average_en_precomputed,31,32598.367777777778,AG_TPJ,0.3926600323350989,0.0453597953401523,56,EleutherAI_pythia-6.9b-deduped,6900000000.0,6.9,9.838849090737256
EleutherAI/pythia-6.9b-deduped,Pythia-6.9B-deduped,step143000,143000,299892736000,en,average_en_precomputed,31,32598.367777777778,BA44,0.4311907737296271,0.0410432352083453,37,EleutherAI_pythia-6.9b-deduped,6900000000.0,6.9,9.838849090737256
EleutherAI/pythia-6.9b-deduped,Pythia-6.9B-deduped,step143000,143000,299892736000,en,average_en_precomputed,31,32598.367777777778,BA45,0.4813843746939433,0.05542984722114,50,EleutherAI_pythia-6.9b-deduped,6900000000.0,6.9,9.838849090737256
EleutherAI/pythia-6.9b-deduped,Pythia-6.9B-deduped,step143000,143000,299892736000,en,average_en_precomputed,31,32598.367777777778,BA47,0.3990037093010458,0.0379205736084352,68,EleutherAI_pythia-6.9b-deduped,6900000000.0,6.9,9.838849090737256
EleutherAI/pythia-6.9b-deduped,Pythia-6.9B-deduped,step143000,143000,299892736000,en,average_en_precomputed,31,32598.367777777778,TP,0.4058829104240513,0.051098869703076,32,EleutherAI_pythia-6.9b-deduped,6900000000.0,6.9,9.838849090737256
EleutherAI/pythia-6.9b-deduped,Pythia-6.9B-deduped,step143000,143000,299892736000,en,average_en_precomputed,31,32598.367777777778,aSTS,0.3884151059785322,0.0305207399213087,40,EleutherAI_pythia-6.9b-deduped,6900000000.0,6.9,9.838849090737256
EleutherAI/pythia-6.9b-deduped,Pythia-6.9B-deduped,step143000,143000,299892736000,en,average_en_precomputed,31,32598.367777777778,pSTS,0.3901758563277908,0.0456285667985957,53,EleutherAI_pythia-6.9b-deduped,6900000000.0,6.9,9.838849090737256
EleutherAI/pythia-6.9b-deduped,Pythia-6.9B-deduped,step143000,143000,299892736000,en,average_en_precomputed,32,24307.85444444444,AG_TPJ,0.3824367153609041,0.0471745024177598,56,EleutherAI_pythia-6.9b-deduped,6900000000.0,6.9,9.838849090737256
EleutherAI/pythia-6.9b-deduped,Pythia-6.9B-deduped,step143000,143000,299892736000,en,average_en_precomputed,32,24307.85444444444,BA44,0.4263648304317565,0.0410905705699442,37,EleutherAI_pythia-6.9b-deduped,6900000000.0,6.9,9.838849090737256
EleutherAI/pythia-6.9b-deduped,Pythia-6.9B-deduped,step143000,143000,299892736000,en,average_en_precomputed,32,24307.85444444444,BA45,0.4758067060484924,0.056870514465944,50,EleutherAI_pythia-6.9b-deduped,6900000000.0,6.9,9.838849090737256
EleutherAI/pythia-6.9b-deduped,Pythia-6.9B-deduped,step143000,143000,299892736000,en,average_en_precomputed,32,24307.85444444444,BA47,0.3956219858498815,0.0399905730824568,68,EleutherAI_pythia-6.9b-deduped,6900000000.0,6.9,9.838849090737256
EleutherAI/pythia-6.9b-deduped,Pythia-6.9B-deduped,step143000,143000,299892736000,en,average_en_precomputed,32,24307.85444444444,TP,0.3967893480491066,0.052332196888198,32,EleutherAI_pythia-6.9b-deduped,6900000000.0,6.9,9.838849090737256
EleutherAI/pythia-6.9b-deduped,Pythia-6.9B-deduped,step143000,143000,299892736000,en,average_en_precomputed,32,24307.85444444444,aSTS,0.3831558122798967,0.0274895160701907,40,EleutherAI_pythia-6.9b-deduped,6900000000.0,6.9,9.838849090737256
EleutherAI/pythia-6.9b-deduped,Pythia-6.9B-deduped,step143000,143000,299892736000,en,average_en_precomputed,32,24307.85444444444,pSTS,0.3853256911311072,0.0439285044942059,53,EleutherAI_pythia-6.9b-deduped,6900000000.0,6.9,9.838849090737256
